CD_PROGRAMA,UF,CONCEITO
10001018041P7,RO,3
10001018009P6,RO,4
10001018016P2,RO,4
10001018039P2,RO,4
10001018017P9,RO,3
10001018006P7,RO,3
10001018012P7,RO,4
10001018042P3,RO,3
10001018045P2,RO,A
10001018043P0,RO,3
10001018040P0,RO,3
10001018004P4,RO,4
10001018010P4,RO,4
10001018044P6,RO,3
10001018005P0,RO,4
10001018011P0,RO,4
11001011007P6,AC,4
11001011074P5,AC,3
11001011009P9,AC,4
11001011072P2,AC,3
11001011003P0,AC,5
11001011076P8,AC,3
11001011073P9,AC,3
11001011070P0,AC,3
11001011071P6,AC,3
11001011001P8,AC,3
11001011004P7,AC,4
11001011075P1,AC,3
11001011005P3,AC,4
11001011008P2,AC,4
11001011006P0,AC,4
10001018002P1,RO,4
12001015039P8,AM,3
12001015023P4,AM,4
12001015002P7,AM,4
12001015172P0,AM,4
12001015175P9,AM,A
12001015063P6,AM,4
12001015171P3,AM,4
12001015025P7,AM,4
12001015035P2,AM,4
12001015033P0,AM,3
12001015016P8,AM,4
12001015026P3,AM,4
12001015001P0,AM,3
12001015037P5,AM,3
12001015007P9,AM,4
12001015015P1,AM,4
12001015013P9,AM,4
12001015027P0,AM,4
12001015040P6,AM,4
12001015021P1,AM,4
12001015034P6,AM,4
12001015064P2,AM,3
12001015173P6,AM,3
12001015065P9,AM,3
12001015041P2,AM,3
12001015008P5,AM,3
12001015042P9,AM,3
12001015003P3,AM,4
12001015174P2,AM,3
12001015006P2,AM,4
12001015036P9,AM,4
12001015012P2,AM,6
12001015029P2,AM,4
12001015014P5,AM,4
12001015009P1,AM,3
12002011012P9,AM,3
12002011011P2,AM,4
12002011002P3,AM,4
12002011009P8,AM,5
12002011001P7,AM,5
12002011006P9,AM,5
12002011004P6,AM,5
12002011003P0,AM,7
12002011010P6,AM,4
12003018001P3,AM,4
12006017003P5,AM,4
12008010073P0,AM,3
12008010074P6,AM,A
12008010002P5,AM,4
12008010008P3,AM,3
12008010007P7,AM,3
12008010003P1,AM,3
12008010072P3,AM,3
12008010071P7,AM,3
12008010039P6,AM,4
12008010005P4,AM,5
12008010070P0,AM,4
12008010001P9,AM,5
13001019001P3,RR,4
13001019008P8,RR,3
13001019039P0,RR,3
13001019042P1,RR,A
13001019041P5,RR,3
13001019040P9,RR,3
13001019005P9,RR,4
13001019004P2,RR,4
13001019007P1,RR,4
13001019006P5,RR,4
13003011001P6,RR,5
13003011004P5,RR,3
13003011003P9,RR,3
13003011002P2,RR,3
13007009001P6,AM,A
13009001042P7,AM,4
13009001041P0,AM,4
13009001040P4,AM,3
13012002001P6,AM,3
14001012001P6,AP,3
14001012156P0,AP,4
14001012005P1,AP,3
14001012161P3,AP,3
14001012003P9,AP,5
14001012160P7,AP,3
14001012159P9,AP,3
14001012158P2,AP,3
14001012157P6,AP,4
14001012004P5,AP,3
15001016061P1,PA,4
15001016049P1,PA,4
15001016010P8,PA,4
15001016156P2,PA,4
15001016167P4,PA,3
15001016165P1,PA,3
15001016088P7,PA,3
15001016038P0,PA,5
15001016066P3,PA,3
15001016017P2,PA,7
15001016161P6,PA,3
15001016079P8,PA,3
15001016050P0,PA,5
15001016057P4,PA,4
15001016080P6,PA,3
15001016091P8,PA,3
15001016041P0,PA,4
15001016159P1,PA,4
15001016089P3,PA,4
15001016077P5,PA,3
15001016063P4,PA,5
15001016086P4,PA,3
15001016018P9,PA,4
15001016037P3,PA,6
15001016064P0,PA,3
15001016004P8,PA,5
15001016035P0,PA,5
15001016082P9,PA,3
15001016158P5,PA,4
15001016076P9,PA,4
15001016028P4,PA,4
15001016085P8,PA,3
15001016043P3,PA,5
15001016072P3,PA,3
15001016051P6,PA,5
15001016062P8,PA,5
15001016069P2,PA,3
15001016075P2,PA,3
15001016008P3,PA,6
15001016052P2,PA,5
15001016039P6,PA,4
15001016168P0,PA,3
15001016087P0,PA,5
15001016070P0,PA,4
50001019028P3,PA,5
15001016065P7,PA,4
15001016073P0,PA,3
15001016036P7,PA,5
15001016034P4,PA,5
15001016171P1,PA,A
15001016157P9,PA,3
15001016046P2,PA,5
15001016045P6,PA,4
15001016022P6,PA,5
15001016059P7,PA,5
15001016170P5,PA,A
15001016003P1,PA,5
15001016033P8,PA,5
15001016092P4,PA,3
15001016040P4,PA,6
15001016044P0,PA,5
15001016055P1,PA,5
15001016007P7,PA,3
15001016068P6,PA,5
15001016027P8,PA,5
15001016090P1,PA,3
15001016084P1,PA,4
15001016032P1,PA,6
15001016067P0,PA,3
15001016030P9,PA,4
15001016031P5,PA,4
15001016060P5,PA,5
15001016081P2,PA,3
15001016009P0,PA,6
15001016002P5,PA,7
15001016047P9,PA,5
15001016078P1,PA,5
15001016166P8,PA,4
15001016016P6,PA,4
15001016160P0,PA,3
15001016163P9,PA,3
15001016169P7,PA,3
15001016015P0,PA,5
15001016164P5,PA,3
15001016071P7,PA,5
15001016162P2,PA,3
12001015038P1,PA,5
15001016053P9,PA,4
15001016042P7,PA,5
15002012005P0,PA,3
15001059001P0,PA,4
15002012008P0,PA,4
15002012007P3,PA,3
15002012004P4,PA,4
15002012001P5,PA,5
15002012006P7,PA,5
15004015008P2,PA,3
15004015005P3,PA,4
15004015007P6,PA,3
15004015006P0,PA,4
15004015004P7,PA,4
15006018005P6,PA,4
15006018003P3,PA,4
15006018008P5,PA,3
15006018002P7,PA,4
15006018013P9,PA,A
15006018004P0,PA,4
15006018007P9,PA,4
15006018001P0,PA,4
15006018011P6,PA,3
15006018012P2,PA,3
15006018006P2,PA,4
15006018010P0,PA,3
15006018009P1,PA,3
15008010002P0,PA,3
15008010001P3,PA,4
15010015002P0,PA,3
15010015003P7,PA,4
15010015073P5,PA,3
15010015004P3,PA,3
15010015070P6,PA,3
15010015071P2,PA,3
15010015072P9,PA,3
15010015074P1,PA,A
15010015005P0,PA,4
15012018002P3,PA,3
15012018001P7,PA,4
15013014003P6,PA,4
15013014001P3,PA,4
15013014002P0,PA,3
15021017001P2,PA,3
15024016001P1,PA,4
15025012071P6,PA,3
15025012074P5,PA,A
15025012073P9,PA,3
15025012070P0,PA,4
15025012072P2,PA,3
15025012075P1,PA,3
15025012001P8,PA,4
15027007040P0,PA,3
15027007039P2,PA,4
16003012001P4,TO,5
16003012173P0,TO,A
16003012007P2,TO,4
16003012014P9,TO,5
16003012013P2,TO,3
16003012175P2,TO,3
16003012006P6,TO,3
16003012012P6,TO,4
16003012161P1,TO,3
16003012015P5,TO,4
16003012160P5,TO,3
16003012004P3,TO,5
16003012010P3,TO,3
16003012011P0,TO,4
16003012009P5,TO,4
16003012003P7,TO,5
16003012171P7,TO,3
16003012016P1,TO,4
16003012157P4,TO,3
16003012017P8,TO,4
16003012005P0,TO,3
16003012159P7,TO,4
16003012174P6,TO,3
17010004004P3,TO,3
17010004003P7,TO,4
17010004001P4,TO,3
16003012002P0,TO,4
17010004002P0,TO,4
17010004005P0,TO,5
20001010053P3,MA,3
20001010011P9,MA,4
20001010019P0,MA,3
20001010055P6,MA,3
20001010046P7,MA,3
20001010045P0,MA,3
20001010056P2,MA,A
20001010052P7,MA,3
20001010017P7,MA,5
20001010027P2,MA,3
20001010004P2,MA,4
20001010020P8,MA,4
20001010009P4,MA,5
20001010014P8,MA,4
20001010031P0,MA,4
20001010008P8,MA,4
20001010042P1,MA,3
20001010047P3,MA,3
20001010024P3,MA,4
20001010023P7,MA,3
20001010021P4,MA,3
20001010054P0,MA,A
20001010032P6,MA,3
20001010048P0,MA,3
20001010029P5,MA,4
20001010051P0,MA,3
20001010043P8,MA,3
20001010012P5,MA,3
20001010015P4,MA,5
20001010003P6,MA,6
20001010050P4,MA,4
20001010026P6,MA,3
20001010044P4,MA,3
20001010041P5,MA,4
20001010049P6,MA,4
20001010039P0,MA,3
20001010013P1,MA,5
20001010022P0,MA,4
20001010006P5,MA,3
20001010005P9,MA,4
20001010028P9,MA,4
20001010025P0,MA,3
20002017042P8,MA,3
20002017001P0,MA,4
20002017041P1,MA,3
20002017039P7,MA,4
20002017004P9,MA,3
20002017040P5,MA,4
20002017008P4,MA,5
20002017003P2,MA,3
20002017007P8,MA,4
20002017005P5,MA,5
20002017009P0,MA,3
20002017002P6,MA,5
20002017010P9,MA,4
20003013002P2,MA,3
20003013001P6,MA,3
20009011042P2,MA,A
20009011040P0,MA,4
20009011041P6,MA,3
20009011001P4,MA,4
21014000039P9,MA,4
20009011003P7,MA,3
21001014022P3,PI,4
21001014007P4,PI,4
21001014030P6,PI,3
21001014013P4,PI,4
21001014031P2,PI,4
21001014024P6,PI,6
21001014082P6,PI,3
21001014020P0,PI,4
21001014011P1,PI,3
21001014032P9,PI,3
21001014076P6,PI,3
21001014075P0,PI,3
21001014012P8,PI,5
21001014008P0,PI,4
21001014080P3,PI,4
21001014016P3,PI,4
21001014005P1,PI,5
21001014084P9,PI,3
21001014015P7,PI,5
21001014078P9,PI,3
21001014026P9,PI,3
21001014021P7,PI,4
21001014023P0,PI,4
21001014001P6,PI,5
21001014083P2,PI,3
21001014077P2,PI,3
21001014004P5,PI,4
21001014003P9,PI,4
21001014009P7,PI,4
21001014002P2,PI,4
21001014017P0,PI,3
21001014027P5,PI,4
21001014028P1,PI,4
21002010071P0,PI,A
21002010070P4,PI,3
21002010001P2,PI,5
21003017002P5,PI,3
21003017001P9,PI,3
21009015001P7,PI,3
21015007001P8,MA,3
21016003001P4,MA,3
21018006001P7,MA,3
22001018011P4,CE,4
22001018048P5,CE,6
22001018020P3,CE,4
22001018004P8,CE,6
22001018033P8,CE,5
22001018172P8,CE,4
22001018046P2,CE,5
22001018040P4,CE,6
22001018035P0,CE,7
22001018174P0,CE,3
22001018087P0,CE,4
22001018071P7,CE,4
22001018171P1,CE,3
22001018042P7,CE,6
22001018003P1,CE,7
22001018053P9,CE,4
22001018059P7,CE,4
22001018018P9,CE,5
22001018061P1,CE,4
22001018080P6,CE,5
22001018028P4,CE,5
22001018037P3,CE,4
22001018025P5,CE,5
25016016039P8,CE,4
22001018009P0,CE,5
22001018179P2,CE,A
22001018027P8,CE,4
22001018058P0,CE,4
22001018072P3,CE,4
22001018178P6,CE,4
22001018065P7,CE,4
22001018081P2,CE,3
22001018052P2,CE,5
22001018001P9,CE,4
22001018054P5,CE,4
22001018086P4,CE,3
22001018014P3,CE,5
22001018015P0,CE,4
22001018175P7,CE,3
22001018036P7,CE,6
22001018034P4,CE,5
22001018032P1,CE,4
22001018043P3,CE,4
22001018008P3,CE,5
22001018019P5,CE,4
22001018012P0,CE,5
22001018055P1,CE,3
22001018173P4,CE,3
22001018063P4,CE,4
22001018176P3,CE,4
22001018079P8,CE,3
22001018084P1,CE,4
22001018007P7,CE,7
22001018177P0,CE,3
25003011009P0,CE,5
22001018049P1,CE,4
22001018017P2,CE,4
22001018044P0,CE,6
22001018013P7,CE,4
22001018064P0,CE,3
22001018088P7,CE,3
22001018047P9,CE,6
22001018085P8,CE,3
22001018078P1,CE,4
22001018010P8,CE,7
22001018002P5,CE,7
22001018031P5,CE,5
22001018082P9,CE,4
22001018073P0,CE,3
22001018006P0,CE,6
22001018021P0,CE,7
22001018023P2,CE,5
22001018024P9,CE,5
22001018083P5,CE,4
22002014007P3,CE,5
22002014003P8,CE,6
22002014010P4,CE,3
22002014012P7,CE,3
22002014008P0,CE,4
22002014001P5,CE,5
22002014011P0,CE,4
22002014002P1,CE,4
22002014004P4,CE,5
22002014005P0,CE,5
22002014009P6,CE,4
22003010074P9,CE,4
22003010072P6,CE,3
22003010024P1,CE,3
22003010073P2,CE,3
22003010001P1,CE,6
22003010027P0,CE,4
22003010004P0,CE,4
22003010015P2,CE,3
22003010023P5,CE,3
22003010022P9,CE,4
22003010012P3,CE,5
22003010028P7,CE,4
22003010025P8,CE,4
22003010006P3,CE,4
22003010018P1,CE,4
22003010007P0,CE,4
22003010008P6,CE,5
22003010010P0,CE,5
22003010070P3,CE,3
22003010014P6,CE,3
22003010019P8,CE,4
22003010076P1,CE,A
22003010026P4,CE,5
22003010009P2,CE,4
22003010071P0,CE,3
22003010075P5,CE,A
22003010013P0,CE,4
22004017003P0,CE,4
22004017004P7,CE,3
22004017002P4,CE,3
22005013002P0,CE,3
22005013003P7,CE,4
22005013006P6,CE,A
22005013004P3,CE,5
22005013005P0,CE,3
22005013001P4,CE,4
22008012006P5,CE,3
22008012001P3,CE,4
22008012002P0,CE,3
22008012005P9,CE,3
22008012003P6,CE,3
22008012004P2,CE,4
22008012075P7,CE,4
22011013004P0,CE,3
22011013006P2,CE,3
22011013005P6,CE,3
22011013003P3,CE,4
22011013002P7,CE,3
22011013001P0,CE,3
22011030001P5,BA,A
22012010001P0,CE,4
22016015001P2,CE,3
22021019001P2,CE,3
22033017001P7,CE,4
22033017003P0,CE,A
22033017002P3,CE,3
22042008004P6,PI,4
22042008003P0,PI,4
22042008001P7,PI,4
22042008002P3,PI,5
23001011001P1,RN,5
23001011025P8,RN,5
23001011041P3,RN,3
23001011007P0,RN,5
23001011054P8,RN,5
23001011172P0,RN,3
23001011027P0,RN,4
23001011072P6,RN,4
23001011043P6,RN,5
23001011036P0,RN,5
23001011020P6,RN,4
24001015081P8,RN,4
23001011004P0,RN,4
23001011010P0,RN,5
23001011175P0,RN,4
23001011030P1,RN,5
23001011038P2,RN,4
23001011028P7,RN,5
23001011069P5,RN,4
23001011031P8,RN,6
23001011003P4,RN,6
23001011068P9,RN,3
23001011066P6,RN,4
23001011009P2,RN,4
23001011044P2,RN,4
23001011070P3,RN,4
23001011037P6,RN,5
23001011022P9,RN,5
23001011024P1,RN,5
23001011176P6,RN,3
23001011061P4,RN,3
23001011062P0,RN,3
23001011021P2,RN,3
23001011174P3,RN,4
23001011053P1,RN,4
23001011029P3,RN,5
23001011011P7,RN,5
23001011032P4,RN,4
23001011018P1,RN,5
23001011178P9,RN,3
23001011170P8,RN,5
23001011026P4,RN,7
23001011076P1,RN,3
23001011013P0,RN,4
23001011073P2,RN,4
23001011057P7,RN,4
23001011012P3,RN,6
23001011182P6,RN,3
23001011179P5,RN,3
23001011181P0,RN,3
23001011059P0,RN,5
23001011078P4,RN,4
23001011034P7,RN,3
23001011183P2,RN,3
23001011005P7,RN,5
23001011039P9,RN,4
23001011080P9,RN,4
23001011079P0,RN,3
23001011077P8,RN,4
23001011063P7,RN,4
23001011042P0,RN,3
23001011052P5,RN,5
23001011060P8,RN,4
23001011040P7,RN,4
23001011015P2,RN,7
23001011058P3,RN,5
23001011023P5,RN,4
23001011033P0,RN,5
23001011056P0,RN,4
23001011177P2,RN,3
23001011046P5,RN,5
23001011180P3,RN,3
23001011171P4,RN,4
23001011008P6,RN,5
23001011055P4,RN,4
23001011071P0,RN,4
23001011074P9,RN,3
23001011075P5,RN,4
23001011173P7,RN,4
23001011051P9,RN,3
23001011067P2,RN,4
22001018074P6,RN,5
23002018070P0,RN,4
23002018007P6,RN,3
23002018074P5,RN,4
23002018005P3,RN,4
23002018006P0,RN,3
23002018071P6,RN,4
23002018009P9,RN,3
23002018008P2,RN,3
23002018073P9,RN,3
23002018004P7,RN,5
23002018010P7,RN,3
23002018072P2,RN,3
23002018002P4,RN,3
23002018003P0,RN,4
23003014011P0,RN,6
23001011050P2,RN,3
23003014016P1,RN,4
23003014013P2,RN,5
23003014074P1,RN,3
23003014073P5,RN,3
23003014072P9,RN,4
23003014051P1,RN,4
23003014019P0,RN,3
23003014017P8,RN,3
23003014018P4,RN,4
23004010008P5,RN,4
23004010002P7,RN,4
23004010004P0,RN,4
23004010005P6,RN,3
23005017001P7,RN,5
23005017002P3,RN,3
23009004004P6,CE,4
23009004005P2,CE,3
23009004003P0,CE,4
23009004001P7,CE,4
23022000001P6,CE,4
23027002001P8,CE,A
24001015055P7,PB,6
23001011047P1,PB,4
24001015016P1,PB,5
24001015029P6,PB,5
24001015073P5,PB,4
24001015047P4,PB,4
24001015072P9,PB,4
24001015038P5,PB,4
24001015056P3,PB,4
24001015084P7,PB,3
24001015078P7,PB,3
24001015010P3,PB,4
24001015019P0,PB,4
24001015061P7,PB,5
24001015044P5,PB,4
24001015069P8,PB,3
24001015037P9,PB,4
24001015065P2,PB,4
24001015067P5,PB,5
24001015042P2,PB,4
24001015035P6,PB,5
24001015041P6,PB,5
24001015053P4,PB,3
24001015027P3,PB,5
24001015048P0,PB,6
24001015057P0,PB,3
24001015060P0,PB,4
24001015051P1,PB,5
24001015071P2,PB,2
24001015052P8,PB,5
24001015066P9,PB,4
24001015068P1,PB,4
24001015034P0,PB,4
24001015030P4,PB,5
24001015049P7,PB,4
24001015063P0,PB,5
24001015059P2,PB,3
24001015074P1,PB,4
24001015015P5,PB,6
24001015017P8,PB,5
24001015079P3,PB,3
24001015064P6,PB,3
24001015045P1,PB,4
24001015001P4,PB,4
24001015054P0,PB,3
24001015002P0,PB,5
24001015075P8,PB,5
24001015025P0,PB,5
24001015062P3,PB,3
24001015040P0,PB,5
24001015005P0,PB,4
24001015076P4,PB,3
24001015004P3,PB,5
24001015077P0,PB,4
24001015080P1,PB,4
24001015050P5,PB,4
24001015083P0,PB,3
24001015082P4,PB,3
24001031021P6,PB,3
24001031020P0,PB,5
24001031025P1,PB,4
24001031026P8,PB,3
24001040001P4,PB,4
24003018001P7,PB,3
24004014007P1,PB,3
24004014010P2,PB,4
24004014015P4,PB,3
24004014011P9,PB,4
24004014009P4,PB,3
24004014070P5,PB,3
24004014005P9,PB,4
24004014018P3,PB,4
24004014012P5,PB,5
24004014004P2,PB,4
24004014014P8,PB,3
24004014006P5,PB,4
24004014008P8,PB,3
24004014013P1,PB,3
24004014016P0,PB,3
24004014017P7,PB,4
24007013002P9,PB,3
24007013001P2,PB,3
24009016030P5,PB,4
24009016014P0,PB,6
24009016001P5,PB,4
24009016018P5,PB,3
24009016017P9,PB,4
24009016003P8,PB,6
24009016071P3,PB,3
24009016002P1,PB,5
24009016009P6,PB,4
24009016171P8,PB,3
24001015058P6,PB,5
24009016029P7,PB,1
24009016013P3,PB,3
24009016031P1,PB,4
24009016015P6,PB,4
24009016172P4,PB,3
24009016027P4,PB,1
24009016005P0,PB,4
24009016070P7,PB,3
24009016012P7,PB,4
24009016010P4,PB,4
24009016011P0,PB,5
24009016173P0,PB,3
24009016028P0,PB,3
24009016021P6,PB,3
24009016007P3,PB,5
24009016025P1,PB,3
24009016004P4,PB,4
24009016019P1,PB,4
24009016026P8,PB,3
25001019087P9,PE,5
25001019020P1,PE,5
25001019023P0,PE,4
25001019024P7,PE,5
25001019095P1,PE,3
25001019018P7,PE,5
25001019093P9,PE,4
25001019097P4,PE,3
25001019054P3,PE,4
25001019060P3,PE,5
25001019041P9,PE,6
25001019057P2,PE,5
25001019017P0,PE,6
25001019034P2,PE,5
25001019037P1,PE,4
25001019080P4,PE,4
25001019045P4,PE,6
25001019081P0,PE,4
25001019156P0,PE,3
25001019157P7,PE,3
25001019026P0,PE,3
25001019016P4,PE,5
25001019079P6,PE,5
25001019172P6,PE,4
25001019040P2,PE,6
25001019174P9,PE,3
25001019010P6,PE,6
25001019021P8,PE,7
25001019052P0,PE,4
25001019059P5,PE,5
25001019069P0,PE,5
25001019004P6,PE,7
25001019171P0,PE,3
25001019030P7,PE,4
25001019094P5,PE,4
25001019073P8,PE,5
25001019027P6,PE,4
25001019043P1,PE,4
25001019046P0,PE,5
25001019019P3,PE,5
25001019088P5,PE,3
25001019055P0,PE,3
25001019050P8,PE,4
25001019072P1,PE,4
25001019084P0,PE,4
25001019092P2,PE,4
25001019090P0,PE,3
25001019089P1,PE,3
25001019083P3,PE,4
25001019007P5,PE,4
25001019002P3,PE,7
25001019085P6,PE,4
25001019015P8,PE,5
25001019082P7,PE,4
25001019036P5,PE,5
25001019062P6,PE,4
25001019013P5,PE,5
25001019028P2,PE,5
25001019066P1,PE,5
25001019044P8,PE,5
25001019077P3,PE,5
25001019031P3,PE,6
25001019065P5,PE,4
25001019033P6,PE,6
25001019068P4,PE,4
25001019012P9,PE,5
25001019074P4,PE,4
25001019003P0,PE,5
25001019173P2,PE,3
25001019091P6,PE,4
25001019175P5,PE,A
25001019078P0,PE,1
25001019001P7,PE,5
25001019063P2,PE,1
25001019048P3,PE,5
25001019038P8,PE,7
25001019009P8,PE,5
25001019032P0,PE,5
25001019053P7,PE,5
25001019029P9,PE,5
25001019058P9,PE,4
25002015008P8,PE,4
25002015003P6,PE,5
25002015002P0,PE,2
25002015005P9,PE,4
25002015001P3,PE,4
25002015010P2,PE,3
25002015007P1,PE,3
25002015009P4,PE,3
25002015004P2,PE,4
25002015006P5,PE,5
25003011075P3,PE,3
25003011018P0,PE,6
25003011002P6,PE,5
25003011020P4,PE,4
25003011014P4,PE,4
25003011038P0,PE,4
25003011073P0,PE,3
25003011021P0,PE,3
25003011072P4,PE,4
25003011032P2,PE,3
25003011010P9,PE,5
25003011028P5,PE,5
25003011033P9,PE,5
25003011024P0,PE,4
25003011030P0,PE,4
25003011011P5,PE,5
25003011070P1,PE,4
25003011003P2,PE,5
25003011025P6,PE,4
25003011006P1,PE,4
25003011005P5,PE,5
25003011017P3,PE,6
25003011019P6,PE,4
25003011036P8,PE,5
25003011074P7,PE,3
25003011027P9,PE,3
25003011001P0,PE,5
25003011013P8,PE,4
25003011029P1,PE,3
25003011022P7,PE,6
25003011071P8,PE,3
25003011015P0,PE,4
25003011012P1,PE,5
25004018071P4,PE,4
25004018009P7,PE,5
25004018072P0,PE,4
25004018006P8,PE,4
25004018010P5,PE,4
25004018074P3,PE,4
25004018070P8,PE,4
25004018013P4,PE,4
25004018014P0,PE,5
25004018012P8,PE,4
25004018019P2,PE,4
25004018018P6,PE,4
25004018008P0,PE,5
25004018015P7,PE,4
25004018011P1,PE,4
25004018073P7,PE,1
25004018016P3,PE,4
25004018075P0,PE,3
25005014003P5,PE,3
25005014004P1,PE,4
25005014002P9,PE,5
25005014001P2,PE,6
25007017001P5,PE,5
25007017002P1,PE,5
25009010001P1,PE,3
25017012001P7,PE,4
25018019001P3,PE,3
25019015002P6,PE,3
25019015001P0,PE,4
25020013042P2,BA,4
25020013010P3,PE,3
25020013040P0,PE,3
25020013043P9,PI,3
25020013008P9,PE,4
25020013004P3,BA,4
25020013002P0,PE,4
25020013001P4,PE,4
25020013009P5,PE,3
25020013003P7,PE,4
25020013006P6,PE,5
25020013005P0,PE,4
25020013011P0,BA,3
25025015002P2,PE,3
25025015001P6,PE,3
25046004001P0,PB,3
26001012015P0,AL,4
26001012028P5,AL,4
31102000001P6,AL,4
26001012174P1,AL,A
26001012034P5,AL,4
26001012001P0,AL,4
26001012172P9,AL,3
26001012005P5,AL,4
26001012031P6,AL,3
26001012038P0,AL,4
22003010017P5,AL,6
26001012030P0,AL,4
26001012171P2,AL,A
26001012170P6,AL,4
26001012022P7,AL,4
26001012020P4,AL,4
26001012024P0,AL,3
26001012016P7,AL,5
26001012011P5,AL,3
26001012017P3,AL,2
26001012036P8,AL,4
26001012033P9,AL,3
26001012029P1,AL,4
26001012173P5,AL,3
26001012082P0,AL,3
26001012018P0,AL,3
26001012014P4,AL,4
26001012019P6,AL,4
26001012027P9,AL,4
26001012023P3,AL,5
26001012003P2,AL,4
26001012032P2,AL,4
26001012012P1,AL,4
26001012035P1,AL,3
26001012025P6,AL,5
26001012002P6,AL,5
26001012010P9,AL,4
26001012013P8,AL,4
26002019001P6,AL,3
26004011001P9,AL,4
26005018001P5,AL,3
26006014001P1,AL,4
26006014003P4,AL,A
26006014002P8,AL,4
26017008001P4,PE,3
26038005001P4,PE,3
27001016176P7,SE,2
27001016017P6,SE,5
27001016011P8,SE,5
27001016025P9,SE,4
27001016040P8,SE,4
27001016044P3,SE,4
27001016001P2,SE,5
27001016043P7,SE,4
27001016009P3,SE,6
27001016015P3,SE,4
27001016021P3,SE,4
27001016049P5,SE,5
27001016174P4,SE,3
27001016042P0,SE,4
27001016013P0,SE,3
27001016177P3,SE,3
27001016010P1,SE,5
27001016037P7,SE,4
27001016179P6,SE,3
27001016041P4,SE,4
27001016038P3,SE,4
27001016028P8,SE,4
27001016047P2,SE,4
27001016035P4,SE,4
27001016003P5,SE,5
27001016034P8,SE,3
27001016046P6,SE,3
27001016172P1,SE,3
27001016180P4,SE,A
27001016033P1,SE,4
27001016173P8,SE,4
27001016170P9,SE,3
27001016016P0,SE,3
27001016175P0,SE,4
27001016045P0,SE,4
27001016171P5,SE,4
27001016039P0,SE,4
27001016014P7,SE,3
27001016022P0,SE,4
27001016048P9,SE,4
27001016027P1,SE,3
27001016007P0,SE,4
27001016019P9,SE,4
27001016008P7,SE,4
27001016029P4,SE,3
27001016036P0,SE,4
27001016026P5,SE,3
27001016031P9,SE,4
27001024001P8,SE,A
27002012003P1,SE,5
27002012001P9,SE,6
27002012002P5,SE,5
27002012004P8,SE,6
27002012005P4,SE,4
27005011001P8,SE,3
27011003001P9,AL,5
28001010053P9,BA,4
28001010065P7,BA,5
28001010042P7,BA,6
28001010076P9,BA,4
28001010023P2,BA,5
28001010083P5,BA,4
28001010019P5,BA,6
28001010044P0,BA,6
28001010058P0,BA,4
28001010067P0,BA,4
28001010057P4,BA,4
28001010001P9,BA,6
28001010095P3,BA,5
28001010079P8,BA,5
28001010037P3,BA,4
28001010003P1,BA,4
28001010093P0,BA,3
28001010013P7,BA,7
28001010075P2,BA,5
28001010091P8,BA,3
28001010005P4,BA,4
28001010051P6,BA,5
28001010171P1,BA,3
28001010177P0,BA,A
28001010039P6,BA,6
28001010012P0,BA,5
28001010024P9,BA,6
28001010059P7,BA,4
28001010015P0,BA,5
28001010078P1,BA,5
28001010077P5,BA,5
28001010071P7,BA,4
28001010038P0,BA,1
28001010054P5,BA,5
28001010175P7,BA,3
28001010014P3,BA,5
28001010062P8,BA,5
28001010021P0,BA,1
28001010080P6,BA,5
28001010085P8,BA,3
28001010060P5,BA,4
28001010056P8,BA,4
28001010172P8,BA,5
28001010011P4,BA,6
28001010089P3,BA,4
28001010072P3,BA,5
28001010088P7,BA,4
28001010004P8,BA,4
28001010026P1,BA,4
28001010007P7,BA,4
28001010176P3,BA,A
28001010049P1,BA,4
28001010082P9,BA,4
28001010025P5,BA,5
28001010064P0,BA,5
28001010063P4,BA,4
28001010047P9,BA,4
28001010029P0,BA,5
28001010035P0,BA,6
28001010045P6,BA,4
28001010002P5,BA,4
28001010174P0,BA,3
28001010036P7,BA,5
28001010094P7,BA,4
28001010173P4,BA,3
28001010061P1,BA,3
28001010055P1,BA,3
28001010081P2,BA,4
28001010073P0,BA,4
28001010041P0,BA,4
28001010170P5,BA,4
28001010032P1,BA,4
28001010092P4,BA,4
28001010048P5,BA,4
28001010030P9,BA,4
28001010022P6,BA,5
28001010052P2,BA,4
28001010020P3,BA,5
28001010040P4,BA,5
28001010010P8,BA,4
28002016008P6,BA,3
28002016003P4,BA,5
28002016016P9,BA,4
28002016005P7,BA,4
28002016004P0,BA,5
28002016014P6,BA,3
28002016020P6,BA,3
28002016015P2,BA,4
28002016012P3,BA,5
28002016017P5,BA,4
28002016018P1,BA,3
28002016006P3,BA,5
28002016010P0,BA,4
28002016002P8,BA,5
28002016011P7,BA,3
28002016007P0,BA,3
28002016009P2,BA,3
28002016013P0,BA,3
28003012003P0,BA,4
28003012004P7,BA,4
28003012007P6,BA,A
28003012002P4,BA,4
28005015009P1,BA,4
28005015078P3,BA,A
28005015074P8,BA,3
28005015075P4,BA,3
28005015011P6,BA,4
28005015001P0,BA,4
28005015071P9,BA,3
28005015013P9,BA,3
28005015003P3,BA,4
28005015004P0,BA,3
28005015008P5,BA,5
28005015070P2,BA,3
28005015014P5,BA,4
28005015010P0,BA,3
28005015073P1,BA,3
28005015005P6,BA,4
28005015072P5,BA,4
28005015077P7,BA,A
28005015007P9,BA,4
28005015076P0,BA,3
28006011005P2,BA,6
28006011170P3,BA,4
28006011171P0,BA,4
28006011012P9,BA,3
28006011172P6,BA,A
28006011008P1,BA,3
28006011015P8,BA,4
28006011010P6,BA,4
28006011013P5,BA,4
28006011004P6,BA,4
28006011002P3,BA,5
28006011009P8,BA,3
28006011003P0,BA,4
28006011007P5,BA,4
28006011011P2,BA,5
28006011001P7,BA,4
28006011014P1,BA,3
28007018076P3,BA,A
28007018016P0,BA,4
28007018019P0,BA,3
28007018075P7,BA,3
28007018009P4,BA,4
28007018077P0,BA,3
28007018008P8,BA,4
28007018015P4,BA,4
28007018001P3,BA,5
28007018006P5,BA,3
28007018012P5,BA,4
28007018007P1,BA,5
28007018017P7,BA,4
28007018005P9,BA,5
28007018003P6,BA,5
28007018004P2,BA,5
28007018011P9,BA,6
28007018018P3,BA,4
28007018010P2,BA,3
28008014002P6,BA,4
28008014004P9,BA,3
28008014005P5,BA,3
28010019065P9,BA,4
28010019066P5,BA,3
28013018004P9,BA,4
28013018062P9,BA,4
28013018001P0,BA,4
28013018005P5,BA,3
28022017003P8,BA,5
28022017013P3,BA,3
28022017015P6,BA,3
28022017009P6,BA,4
28022017004P4,BA,4
28022017007P3,BA,4
28022017014P0,BA,3
28022017016P2,BA,3
28022017008P0,BA,4
28022017001P5,BA,4
28022017011P0,BA,4
28022017005P0,BA,4
28022017010P4,BA,3
28022017012P7,BA,4
28023013001P1,BA,5
28023013065P0,BA,4
28023013002P8,BA,6
28023013066P6,BA,4
28025016002P0,BA,3
28025016001P4,BA,6
28048016002P3,BA,3
28048016001P7,BA,3
28049012003P6,BA,3
28049012001P3,BA,3
28049012005P9,BA,A
28049012002P0,BA,3
28049012004P2,BA,3
29002001001P9,BA,3
29002001002P5,BA,3
29007003002P7,BA,4
29007003007P9,BA,A
29007003006P2,BA,A
29007003003P3,BA,3
29007003004P0,BA,4
29007003005P6,BA,A
29010004001P8,BA,4
30001013046P5,ES,4
30001013047P1,ES,4
30001013020P6,ES,6
30001013049P4,ES,4
30001013042P0,ES,4
30001013030P1,ES,5
30001013054P8,ES,3
30001013103P9,ES,4
30001013016P9,ES,4
30001013108P0,ES,3
30001013005P7,ES,4
30001013018P1,ES,5
30001013019P8,ES,4
30001013044P2,ES,3
30001013036P0,ES,3
30001013006P3,ES,5
30001013034P7,ES,4
30001013012P3,ES,4
30001013057P7,ES,4
30001013027P0,ES,4
30001013017P5,ES,5
30001013023P5,ES,3
30001013014P6,ES,5
30001013035P3,ES,4
30001013004P0,ES,5
30001013011P7,ES,4
30001013033P0,ES,4
30001013037P6,ES,4
30001013021P2,ES,5
30001013106P8,ES,3
30001013024P1,ES,4
30001013053P1,ES,5
30001013008P6,ES,4
30001013002P8,ES,5
30001013007P0,ES,4
30001013001P1,ES,6
30001013041P3,ES,4
30001013003P4,ES,5
30001013107P4,ES,4
30001013028P7,ES,4
30001013032P4,ES,5
30001013031P8,ES,4
30001013048P8,ES,4
30001013109P7,ES,3
30001013025P8,ES,5
30001013104P5,ES,4
30001013015P2,ES,4
30001013010P0,ES,5
30001013056P0,ES,4
30001013029P3,ES,5
30001013045P9,ES,4
30001013055P4,ES,4
30001013013P0,ES,5
30001013022P9,ES,5
30001013105P1,ES,5
30004012002P7,ES,4
30004012073P1,ES,4
30004012071P9,ES,3
30004012075P4,ES,3
30004012070P2,ES,3
30004012072P5,ES,4
30004012001P0,ES,4
30004012074P8,ES,3
30007011003P2,ES,6
30007011001P0,ES,5
30010012001P7,ES,5
30011019006P5,ES,4
30011019003P6,ES,4
30011019103P0,ES,4
30011019005P9,ES,4
30011019002P0,ES,4
30013011001P6,ES,3
30014018001P2,ES,4
30015014002P5,ES,3
31001017162P8,RJ,3
31001017033P3,RJ,6
31001017155P1,RJ,5
31001017013P2,RJ,7
31001017165P7,RJ,4
31001017174P6,RJ,4
31001017084P7,RJ,6
31001017035P6,RJ,5
31001017014P9,RJ,5
31001017067P5,RJ,6
31001017036P2,RJ,7
31001017106P0,RJ,7
31001017102P5,RJ,6
31001017141P0,RJ,4
31001017152P2,RJ,4
31001017149P1,RJ,4
31001017004P3,RJ,7
31001017001P4,RJ,6
31001017103P1,RJ,7
31001017057P0,RJ,5
31001017154P5,RJ,3
31001017169P2,RJ,4
31001017087P6,RJ,7
31001017020P9,RJ,7
31001017177P5,RJ,4
31001017048P0,RJ,7
31001017031P0,RJ,6
31001017158P0,RJ,4
31001017041P6,RJ,5
31001017132P1,RJ,5
31001017157P4,RJ,4
31001017113P7,RJ,5
31001017023P8,RJ,7
31001017089P9,RJ,6
31001017069P8,RJ,4
31001017108P3,RJ,7
31001017151P6,RJ,3
31001017029P6,RJ,6
31001017147P9,RJ,6
31001017166P3,RJ,3
31001017143P3,RJ,4
31001017025P0,RJ,6
31001017037P9,RJ,6
31001017099P4,RJ,5
31001017022P1,RJ,5
31001017059P2,RJ,5
31001017038P5,RJ,6
31001017064P6,RJ,7
31001017006P6,RJ,6
31001017119P5,RJ,5
31001017060P0,RJ,6
31001017142P7,RJ,5
31001017044P5,RJ,5
31001017156P8,RJ,4
31001017153P9,RJ,4
31001017028P0,RJ,7
31001017027P3,RJ,6
31001017175P2,RJ,3
31001017096P5,RJ,7
31001017161P1,RJ,3
31001017136P7,RJ,4
31001017065P2,RJ,6
31001017072P9,RJ,4
31001017003P7,RJ,7
31001017167P0,RJ,4
31001017088P2,RJ,6
31001017145P6,RJ,4
31001017138P0,RJ,6
31001017062P3,RJ,7
31001017021P5,RJ,7
31001017130P9,RJ,6
31001017009P5,RJ,4
31001017011P0,RJ,4
31001017024P4,RJ,7
31001017125P5,RJ,5
31001017015P5,RJ,6
31001017172P3,RJ,4
31001017019P0,RJ,6
31001017170P0,RJ,4
31001017097P1,RJ,5
31001017100P2,RJ,6
31001017159P7,RJ,4
31001017070P6,RJ,7
31001017171P7,RJ,4
31001017127P8,RJ,4
31001017122P6,RJ,5
31001017160P5,RJ,3
31001017032P7,RJ,5
31001017008P9,RJ,6
31001017012P6,RJ,7
31001017118P9,RJ,4
31001017002P0,RJ,7
31001017139P6,RJ,4
31001017121P0,RJ,4
31001017071P2,RJ,6
31001017086P0,RJ,6
31001017017P8,RJ,7
31001017085P3,RJ,5
31001017005P0,RJ,5
31001017098P8,RJ,5
31001017148P5,RJ,4
31001017128P4,RJ,4
31001017112P0,RJ,6
31001017146P2,RJ,7
31001017101P9,RJ,4
31001017066P9,RJ,5
31001017173P0,RJ,3
31001017110P8,RJ,4
31001017111P4,RJ,5
31001017126P1,RJ,5
31001017137P3,RJ,4
31001017131P5,RJ,4
31001017144P0,RJ,3
31001017150P0,RJ,5
31001017049P7,RJ,5
31001017123P2,RJ,5
31001017163P4,RJ,3
31001017105P4,RJ,7
31001017134P4,RJ,3
31001017115P0,RJ,3
31001017176P9,RJ,3
31001017040P0,RJ,4
31001017030P4,RJ,7
31001017016P1,RJ,7
31001017056P3,RJ,5
31002013023P4,RJ,4
31002013157P0,RJ,4
31002013014P5,RJ,4
31002013032P3,RJ,4
31002013020P5,RJ,4
31002013010P0,RJ,4
31002013027P0,RJ,4
31002013011P6,RJ,5
31002013025P7,RJ,4
31002013024P0,RJ,3
31002013156P4,RJ,4
31002013019P7,RJ,5
31002013012P2,RJ,4
31002013015P1,RJ,4
31002013022P8,RJ,4
31002013158P7,RJ,3
31002013017P4,RJ,3
31002013031P7,RJ,4
31002013007P9,RJ,5
31002013006P2,RJ,4
31002013016P8,RJ,4
31002013003P3,RJ,6
31002013028P6,RJ,3
31002013159P3,RJ,3
31002013026P3,RJ,4
31002013002P7,RJ,7
31002013018P0,RJ,3
31002013001P0,RJ,4
31003010095P5,RJ,4
31003010087P2,RJ,4
31003010088P9,RJ,5
31003010019P7,RJ,4
31003010086P6,RJ,3
31003010040P6,RJ,7
31003010174P2,RJ,4
31003010046P4,RJ,6
31003010092P6,RJ,5
31003010042P9,RJ,4
31003010079P0,RJ,5
31003010001P0,RJ,5
31003010048P7,RJ,5
31003010074P8,RJ,7
31003010015P1,RJ,5
31003010053P0,RJ,5
31003010031P7,RJ,6
31003010043P5,RJ,4
31003010006P2,RJ,4
31003010069P4,RJ,3
31003010085P0,RJ,4
31003010038P1,RJ,4
31003010097P8,RJ,4
31003010058P2,RJ,4
31003010024P0,RJ,5
31003010049P3,RJ,5
31003010002P7,RJ,6
31003010091P0,RJ,3
31003010004P0,RJ,6
31003010025P7,RJ,4
31003010156P4,RJ,4
31003010096P1,RJ,5
31003010173P6,RJ,3
31003010078P3,RJ,4
31003010083P7,RJ,4
31003010003P3,RJ,6
31003010067P1,RJ,4
31003010068P8,RJ,3
31003010170P7,RJ,3
31003010076P0,RJ,4
31003010082P0,RJ,4
31003010081P4,RJ,4
31003010022P8,RJ,6
31003010098P4,RJ,3
31003010044P1,RJ,5
31003010063P6,RJ,4
31003010075P4,RJ,4
31003010032P3,RJ,4
31003010005P6,RJ,7
31003010071P9,RJ,4
31003010057P6,RJ,4
31003010084P3,RJ,4
31003010089P5,RJ,4
31003010029P2,RJ,4
31003010157P0,RJ,4
31003010055P3,RJ,5
31003010054P7,RJ,4
31003010064P2,RJ,5
31003010171P3,RJ,3
31003010036P9,RJ,5
31003010090P3,RJ,4
31003010080P8,RJ,4
31003010073P1,RJ,6
31003010094P9,RJ,4
31003010172P0,RJ,4
31003010158P7,RJ,4
31003010039P8,RJ,4
31003010017P4,RJ,4
31003010072P5,RJ,3
31003010061P3,RJ,4
31003010052P4,RJ,5
31003010093P2,RJ,3
31003010045P8,RJ,4
31003010062P0,RJ,4
31003010033P0,RJ,4
31003010027P0,RJ,6
31003010041P2,RJ,6
31003010021P1,RJ,5
31004016050P4,RJ,5
31004016162P7,RJ,4
31004016031P0,RJ,4
31004016006P5,RJ,7
31004016046P7,RJ,5
31004016057P9,RJ,4
31004016047P3,RJ,6
31004016054P0,RJ,4
31004016044P4,RJ,3
31004016160P4,RJ,4
31004016008P8,RJ,5
31004016161P0,RJ,3
31004016159P6,RJ,3
31004016036P1,RJ,5
31004016062P2,RJ,4
31004016039P0,RJ,5
31004016032P6,RJ,4
31004016027P2,RJ,4
31004016063P9,RJ,4
31004016066P8,RJ,4
31004016037P8,RJ,4
31004016035P5,RJ,5
31004016042P1,RJ,4
31004016052P7,RJ,4
31004016065P1,RJ,4
31004016156P7,RJ,5
31004016015P4,RJ,6
31004016004P2,RJ,7
31004016045P0,RJ,4
31004016034P9,RJ,4
31004016051P0,RJ,4
31004016041P5,RJ,4
31004016048P0,RJ,3
31004016020P8,RJ,4
31004016009P4,RJ,5
31004016024P3,RJ,5
31004016016P0,RJ,5
31004016058P5,RJ,4
31004016029P5,RJ,5
31004016061P6,RJ,6
31004016064P5,RJ,5
31004016043P8,RJ,4
31004016033P2,RJ,5
31004016021P4,RJ,6
31004016060P0,RJ,7
31004016059P1,RJ,3
31004016001P3,RJ,6
31004016023P7,RJ,4
31004016055P6,RJ,4
31004016038P4,RJ,5
31004016040P9,RJ,7
31004016028P9,RJ,6
31004016026P6,RJ,5
31004016053P3,RJ,4
31004016049P6,RJ,3
31004016017P7,RJ,4
31004016158P0,RJ,3
31004016022P0,RJ,5
31004016013P1,RJ,5
31004016018P3,RJ,4
31005012007P8,RJ,5
31005012009P0,RJ,6
31005012036P8,RJ,3
31005012037P4,RJ,6
31005012028P5,RJ,5
31005012027P9,RJ,6
31005012026P2,RJ,6
31005012012P1,RJ,7
31005012038P0,RJ,6
31005012008P4,RJ,7
31005012159P2,RJ,3
31005012003P2,RJ,7
31005012002P6,RJ,7
31005012006P1,RJ,5
31005012039P7,RJ,4
31005012157P0,RJ,4
31005012001P0,RJ,6
31005012024P0,RJ,6
31005012010P9,RJ,6
31005012030P0,RJ,5
31005012014P4,RJ,7
31005012020P4,RJ,6
31005012033P9,RJ,4
31005012019P6,RJ,6
31005012011P5,RJ,6
31005012032P2,RJ,4
31005012004P9,RJ,7
31005012005P5,RJ,5
31005012034P5,RJ,5
31005012021P0,RJ,6
31005012013P8,RJ,5
31005012029P1,RJ,5
31005012158P6,RJ,3
31007015012P4,RJ,A
31007015011P8,RJ,4
31007015006P4,RJ,7
31007015003P5,RJ,4
31007015004P1,RJ,4
31007015007P0,RJ,3
31007015009P3,RJ,3
31007015010P1,RJ,4
31008011002P5,RJ,4
31008011001P9,RJ,7
31009018003P8,RJ,5
31009018001P5,RJ,7
31010016023P3,RJ,4
31010016008P4,RJ,6
31010016148P0,RJ,4
31010016020P4,RJ,4
31010016025P6,PR,5
31010016031P6,MG,5
31010016004P9,RJ,7
31010016013P8,RJ,4
31010016150P5,RJ,4
31010016151P1,RJ,4
31010016030P0,RJ,5
31010016012P1,RJ,5
31010016014P4,RJ,4
31010016026P2,RJ,4
31010016015P0,RJ,5
31010016029P1,RJ,4
31010016152P8,RJ,4
31010016006P1,RJ,6
31010016027P9,RJ,4
31010016022P7,RJ,6
31010016009P0,RJ,7
31010016016P7,RJ,5
31010016021P0,RJ,5
31010016003P2,RJ,6
31010016024P0,RJ,5
31010016001P0,RJ,7
31010016028P5,RJ,5
31010016005P5,RJ,6
31010016002P6,RJ,6
31010016007P8,RJ,6
31010016019P6,RJ,6
31010016149P7,RJ,4
31011012009P7,RJ,5
31011012015P7,RJ,5
31011012012P8,RJ,5
31011012014P0,RJ,4
31011012010P5,RJ,5
31011012011P1,RJ,5
31011012013P4,RJ,4
31011012002P2,RJ,7
31011012004P5,RJ,7
31013015001P9,RJ,6
31013015002P5,RJ,5
31017010005P0,RJ,3
31018017008P5,RJ,4
31018017010P0,RJ,4
31018017011P6,RJ,5
31018017012P2,RJ,4
31018017007P9,RJ,5
31019013002P3,RJ,4
31019013001P7,RJ,4
31019013004P6,RJ,3
31019013003P0,RJ,3
31021018010P7,RJ,6
31021018156P1,RJ,4
31021018024P8,RJ,3
31021018157P8,RJ,4
31021018020P2,RJ,4
31021018009P9,RJ,4
31021018001P8,RJ,4
31021018019P4,RJ,4
31021018012P0,RJ,3
31021018006P0,RJ,4
31021018018P8,RJ,4
31021018013P6,RJ,4
31021018014P2,RJ,5
31021018008P2,RJ,4
31021018015P9,RJ,4
31021018003P0,RJ,6
31021018016P5,RJ,4
31021018007P6,RJ,5
31021018022P5,RJ,3
31021018017P1,RJ,4
31021018002P4,RJ,4
31021018004P7,RJ,5
31021018158P4,RJ,3
31021018021P9,RJ,3
31022014003P7,RJ,4
31022014005P0,RJ,6
31022014008P9,RJ,4
31022014007P2,RJ,4
31022014006P6,RJ,4
31022014010P3,RJ,3
31022014001P4,RJ,4
31022014004P3,RJ,3
31022014009P5,RJ,3
31025013002P0,RJ,3
31025013003P6,RJ,4
31025013004P2,RJ,5
31027016005P1,RJ,3
31027016004P5,RJ,4
31027016003P9,RJ,3
31030017001P3,RJ,4
31030017004P2,RJ,3
31030017006P5,RJ,4
31030017003P6,RJ,4
31030017007P1,RJ,4
31032010003P2,RJ,3
31032010007P8,RJ,5
31032010011P5,RJ,5
31032010006P1,RJ,3
31032010002P6,RJ,2
31032010010P9,RJ,4
31033016012P4,RJ,4
31033016017P6,RJ,5
31033016001P2,RJ,5
31033016005P8,RJ,4
31033016008P7,RJ,4
31033016002P9,RJ,4
31033016013P0,RJ,5
31033016010P1,RJ,5
31033016011P8,RJ,5
31033016009P3,RJ,4
31033016018P2,RJ,5
31033016014P7,RJ,6
31033016015P3,RJ,6
31034012002P5,RJ,4
31034012001P9,RJ,4
31035019005P0,RJ,4
31035019003P8,RJ,4
31035019002P1,RJ,5
31035019001P5,RJ,4
31035019006P7,RJ,4
31035019004P4,RJ,4
31036015001P1,RJ,7
31040012005P0,RJ,4
31040012001P5,RJ,3
31040012003P8,RJ,4
31040012004P4,RJ,3
31040012002P1,RJ,4
31045014001P7,RJ,5
31047017001P0,RJ,3
31048013001P6,RJ,A
31049010001P6,RJ,4
31050018002P3,RJ,5
31050018001P7,RJ,5
31055010001P2,RJ,4
31056016001P5,RJ,4
31057012002P8,RJ,5
31057012001P1,RJ,5
31058019002P4,RJ,3
31061010001P9,RJ,6
31061010002P5,RJ,A
31063012002P4,RJ,4
31063012001P8,RJ,5
31066011001P7,RJ,4
31067018002P0,RJ,4
31067018001P3,RJ,5
31068014001P0,RJ,5
31069010002P2,RJ,4
31069010003P9,RJ,4
31069010001P6,RJ,3
31070019001P0,RJ,5
31073018001P0,RJ,3
31073018002P6,RJ,4
31075010001P2,RJ,5
31076017001P9,RJ,4
31088015001P3,RJ,3
31088015002P0,RJ,3
31092012001P7,RJ,4
31096018001P2,RJ,5
31096018002P9,RJ,A
31098010001P5,RJ,5
31099017001P1,RJ,5
31105009001P1,MG,4
31115004001P3,MG,3
31129005001P0,MG,A
31142001001P0,MG,3
31152007001P1,MG,A
31163009001P0,MG,A
32001010072P1,MG,5
32001010077P3,MG,5
32001010069P0,MG,5
32001010013P5,MG,7
32001010053P7,MG,5
32001010086P2,MG,3
32001010057P2,MG,7
32001010011P2,MG,7
32001010007P5,MG,7
32001010029P9,MG,5
32001010041P9,MG,5
32001010002P3,MG,7
32001010016P4,MG,5
32001010006P9,MG,7
32001010033P6,MG,6
32001010043P1,MG,7
32001010023P0,MG,6
32001010019P3,MG,6
32001010176P1,MG,3
32001010052P0,MG,6
32001010012P9,MG,7
32001010044P8,MG,4
32001010179P0,MG,3
32001010171P0,MG,5
32001010025P3,MG,7
32001010038P8,MG,5
32001010172P6,MG,5
32001010022P4,MG,3
32001010014P1,MG,7
32001010073P8,MG,4
32001010055P0,MG,6
32001010051P4,MG,6
32001010015P8,MG,6
32001010037P1,MG,6
32001010091P6,MG,4
32001010027P6,MG,7
32001010001P7,MG,7
32001010175P5,MG,5
32001010028P2,MG,5
32001010039P4,MG,5
32001010036P5,MG,6
32001010005P2,MG,7
32001010068P4,MG,7
32001010040P2,MG,6
32001010096P8,MG,5
32001010031P3,MG,4
32001010056P6,MG,6
32001010061P0,MG,6
32001010034P2,MG,7
32001010058P9,MG,5
32001010074P4,MG,4
32001010004P6,MG,7
32001010071P5,MG,4
32001010177P8,MG,3
32001010010P6,MG,7
32001010075P0,MG,4
32001010098P0,MG,4
32001010017P0,MG,6
32001010045P4,MG,7
32001010054P3,MG,6
32001010088P5,MG,6
32001010099P7,MG,4
32001010050P8,MG,5
32001010095P1,MG,3
32001010097P4,MG,4
32001010062P6,MG,6
32001010078P0,MG,5
32001010100P5,MG,4
32001010049P0,MG,7
32001010174P9,MG,3
32001010042P5,MG,7
32001010085P6,MG,5
32001010018P7,MG,5
32001010079P6,MG,5
32001010094P5,MG,4
32001010173P2,MG,5
32001010003P0,MG,7
32001010008P1,MG,7
32001010009P8,MG,7
32001010093P9,MG,4
32001010026P0,MG,4
32001010065P5,MG,5
32001010178P4,MG,3
32001010046P0,MG,6
32001010035P9,MG,4
32001010089P1,MG,4
32001010090P0,MG,5
32002017049P6,MG,3
32002017004P2,MG,7
32002017050P4,MG,4
32002017002P0,MG,7
32002017022P0,MG,7
32002017009P4,MG,5
32002017037P8,MG,4
32002017012P5,MG,6
32002017003P6,MG,7
32002017033P2,MG,5
32002017017P7,MG,5
32002017008P8,MG,5
32002017030P3,MG,4
32002017013P1,MG,6
32002017006P5,MG,6
32002017048P0,MG,3
32002017035P5,MG,3
32002017015P4,MG,5
32002017027P2,MG,4
32002017040P9,MG,5
32002017001P3,MG,6
32002017032P6,MG,3
32002017041P5,MG,4
32002017024P3,MG,7
32002017016P0,MG,7
32002017028P9,MG,5
32002017036P1,MG,4
32002017025P0,MG,5
32002017021P4,MG,5
32002017005P9,MG,7
32002017052P7,MG,3
32002017019P0,MG,5
32002017039P0,MG,4
32002017051P0,MG,3
32002017014P8,MG,5
32002017023P7,MG,5
32002017047P3,MG,4
32002017031P0,MG,4
32002017034P9,MG,5
32002017042P1,MG,5
32002017038P4,MG,4
32002017029P5,MG,5
32002017011P9,MG,7
32002017007P1,MG,6
32002017044P4,MG,4
32003013012P1,MG,4
32003013008P4,MG,3
32003013009P0,MG,3
32003013040P5,MG,1
32003013007P8,MG,4
32003013041P1,MG,4
32003013011P5,MG,4
32003013042P8,MG,4
32003013013P8,MG,4
32003013002P6,MG,4
32003013014P4,MG,3
32003013004P9,MG,4
32003013001P0,MG,5
32003013003P2,MG,5
32004010043P4,MG,3
32004010012P1,MG,5
32004010017P3,MG,6
32004010048P6,MG,3
32004010044P0,MG,3
32004010027P9,MG,4
32004010018P0,MG,5
32004010023P3,MG,4
32004010008P4,MG,5
32004010009P0,MG,5
32004010005P5,MG,6
32004010030P0,MG,4
32004010047P0,MG,3
32004010029P1,MG,4
32004010003P2,MG,5
32004010024P0,MG,3
32004010004P9,MG,6
32004010010P9,MG,5
32004010020P4,MG,4
32004010022P7,MG,5
32004010049P2,MG,3
32004010031P6,MG,6
32004010006P1,MG,7
32004010002P6,MG,7
32004010013P8,MG,5
32004010007P8,MG,6
32004010014P4,MG,6
32004010011P5,MG,5
32004010015P0,MG,5
32004010045P7,MG,3
32004010026P2,MG,4
32004010040P5,MG,3
32004010028P5,MG,3
32004010046P3,MG,3
32004010001P0,MG,6
32004010025P6,MG,5
32004010042P8,MG,3
32004010041P1,MG,3
32004010016P7,MG,5
32005016014P7,MG,6
32005016012P4,MG,5
32005016034P8,MG,4
32005016025P9,MG,5
32005016107P5,MG,3
32005016035P4,MG,5
32005016007P0,MG,4
32005016015P3,MG,4
32005016021P3,MG,4
32005016018P2,MG,4
32005016032P5,MG,4
32005016027P1,MG,4
32005016020P7,MG,5
32005016029P4,MG,4
32005016004P1,MG,5
32005016106P9,MG,4
32005016011P8,MG,4
32005016013P0,MG,5
32005016070P4,MG,3
32005016009P3,MG,5
32005016010P1,MG,6
32005016016P0,MG,5
32005016036P0,MG,4
32005016033P1,MG,4
32005016022P0,MG,6
32005016071P0,MG,3
32005016019P9,MG,5
32005016031P9,MG,3
32005016038P3,MG,4
32005016017P6,MG,5
32005016030P2,MG,4
32005016005P8,MG,5
32005016008P7,MG,5
32005016028P8,MG,4
32006012023P2,MG,4
32006012018P9,MG,5
32006012002P5,MG,7
32005016039P0,MG,4
32006012071P7,MG,3
32006012014P3,MG,5
32006012031P5,MG,4
32006012029P0,MG,4
32006012016P6,MG,6
32006012070P0,MG,4
32006012024P9,MG,5
32006012015P0,MG,5
32006012021P0,MG,4
32006012034P4,MG,4
32006012171P1,MG,4
32006012073P0,MG,3
32006012006P0,MG,5
32006012004P8,MG,7
32006012076P9,MG,4
32006012027P8,MG,4
32006012028P4,MG,3
32010010010P5,MG,4
32006012005P4,MG,7
32006012001P9,MG,5
32006012035P0,MG,4
32006012032P1,MG,4
32006012009P0,MG,5
32006012012P0,MG,4
32006012020P3,MG,5
32006012022P6,MG,5
32006012072P3,MG,4
32006012013P7,MG,5
32006012172P8,MG,3
32006012008P3,MG,6
32006012075P2,MG,3
32006012007P7,MG,6
32006012010P8,MG,5
32006012033P8,MG,4
32006012017P2,MG,5
32006012019P5,MG,4
32006012037P3,MG,3
32006012030P9,MG,4
32006012036P7,MG,4
32006012003P1,MG,5
41002016026P1,MG,4
32006012173P4,MG,3
32006012011P4,MG,6
32007019051P2,MG,3
32007019011P0,MG,6
32007019053P5,MG,3
32007019014P0,MG,5
32007019010P4,MG,3
32007019012P7,MG,4
32007019023P9,MG,5
32007019013P3,MG,4
32007019029P7,MG,3
32007019049P8,MG,4
32007019016P2,MG,4
32007019006P7,MG,5
32007019015P6,MG,5
32007019017P9,MG,3
32007019020P0,MG,5
32007019021P6,MG,4
32007019008P0,MG,4
32007019004P4,MG,6
32007019022P2,MG,4
32007019007P3,MG,4
32007019054P1,MG,3
32007019009P6,MG,3
32007019024P5,MG,5
32007019026P8,MG,4
32007019052P9,MG,4
32007019055P8,MG,A
32007019025P1,MG,4
32007019018P5,MG,4
32007019028P0,MG,4
32007019005P0,MG,5
32007019050P6,MG,3
32008015011P7,MG,4
32008015016P9,MG,4
32008015005P7,MG,6
32008015007P0,MG,5
32008015019P8,MG,4
32008015014P6,MG,5
32008015008P6,MG,4
32008015006P3,MG,4
32008015012P3,MG,5
32008015013P0,MG,4
32008015004P0,MG,4
32008015017P5,MG,5
32008015015P2,MG,5
32008015009P2,MG,4
32008015002P8,MG,3
32008015003P4,MG,5
32008015001P1,MG,6
32009011003P0,MG,3
32010010040P1,MG,3
32010010005P1,MG,4
32010010046P0,MG,3
32010010012P8,MG,3
32010010045P3,MG,3
32010010044P7,MG,3
32010010043P0,MG,4
32010010041P8,MG,4
32010010004P5,MG,4
32010010008P0,MG,4
32010010042P4,MG,3
32010010002P2,MG,5
32010010048P2,MG,4
32010010003P9,MG,4
32010010047P6,MG,3
32010010009P7,MG,3
32010010006P8,MG,4
32010010013P4,MG,3
32010010007P4,MG,3
32010010011P1,MG,4
32011016006P0,MG,4
32011016011P4,MG,4
32011016003P1,MG,4
32011016015P0,MG,4
32011016007P7,MG,3
32011016009P0,MG,4
32011016040P4,MG,4
32011016014P3,MG,4
32011016046P2,MG,3
32011016005P4,MG,4
32011016004P8,MG,4
32011016043P3,MG,3
32011016012P0,MG,3
32011016044P0,MG,3
32011016041P0,MG,3
32011016042P7,MG,3
32003013005P5,MG,4
32011016010P8,MG,4
32011016045P6,MG,3
32011016013P7,MG,3
32012012008P0,MG,4
32012012170P1,MG,3
32012012004P4,MG,5
32012012009P6,MG,3
32012012070P7,MG,4
32012012171P8,MG,4
32012012005P0,MG,3
32012012006P7,MG,4
32012012001P5,MG,3
32012012007P3,MG,4
32012012172P4,MG,A
32012012003P8,MG,4
32014015101P2,MG,3
32014015004P7,MG,6
32014015103P5,MG,3
32014015009P9,MG,5
32014015011P3,MG,4
32014015007P6,MG,3
32014015006P0,MG,4
32014015010P7,MG,3
32014015005P3,MG,3
32014015002P4,MG,5
32014015001P8,MG,4
32014015102P9,MG,3
32014015008P2,MG,4
32014015003P0,MG,5
32016018001P0,MG,3
32016018003P3,MG,4
32016018004P0,MG,4
32016018005P6,MG,4
32016018002P7,MG,4
32017014001P7,MG,4
32018010003P6,MG,4
32018010040P9,MG,3
32018010047P3,MG,3
32018010004P2,MG,4
32018010043P8,MG,3
32018010006P5,MG,4
32018010009P4,MG,6
32018010016P0,MG,4
32018010001P3,MG,5
32018010015P4,MG,3
32018010044P4,MG,4
32018010007P1,MG,4
32018010005P9,MG,4
32018010042P1,MG,4
32018010013P1,MG,4
32018010011P9,MG,5
32018010012P5,MG,4
32018010002P0,MG,4
32018010045P0,MG,3
32018010008P8,MG,5
32018010041P5,MG,3
32018010014P8,MG,4
32018010046P7,MG,3
32020015011P0,MG,3
32020015003P7,MG,4
32020015008P9,MG,4
32020015006P6,MG,5
32020015009P5,MG,3
32020015002P0,MG,4
32020015004P3,MG,5
32020015010P3,MG,3
32020015007P2,MG,3
32021011004P0,MG,3
32021011005P6,MG,3
32025017001P6,MG,4
32025017002P2,MG,5
32025017007P4,MG,A
32025017005P1,MG,3
32025017004P5,MG,3
32025017003P9,MG,4
32025017006P8,MG,3
32029012003P4,MG,4
32029012001P1,MG,6
32034016001P1,MG,4
32036019003P7,MG,4
32036019005P0,MG,4
32036019002P0,MG,4
32036019001P4,MG,4
32036019004P3,MG,3
32040016001P8,MG,3
32043015001P7,MG,3
32044011001P3,MG,4
32044011002P0,MG,3
32045018002P6,MG,A
32045018001P0,MG,3
32048017002P5,MG,4
32048017001P9,MG,4
32048017003P1,MG,4
32049013001P5,MG,3
32053010001P9,MG,4
32053010003P1,MG,4
32053010005P4,MG,3
32053010002P5,MG,4
32057016001P4,MG,4
32058020001P6,MG,4
32065019001P3,MG,4
32067011001P6,MG,6
32069014001P9,MG,5
32073011001P2,MG,4
32073011003P5,MG,5
32076010001P1,MG,3
32079010001P4,MG,4
32082010001P8,MG,4
32083017001P4,MG,4
32108010001P2,MG,3
32115016001P1,MG,A
32145012001P7,MG,3
32148011001P6,MG,4
33001014044P0,SP,3
33001014031P6,SP,6
33001014028P5,SP,5
33001014034P5,SP,4
33001014071P8,SP,4
33001014036P8,SP,5
33001014001P0,SP,6
33001014049P2,SP,3
33001014072P4,SP,3
33001014069P3,SP,4
33001014026P2,SP,5
33001014010P9,SP,5
33001014048P6,SP,4
33001014052P3,SP,4
33001014024P0,SP,5
33001014037P4,SP,5
33001014016P7,SP,7
33001014074P7,SP,A
33001014027P9,SP,5
33001014012P1,SP,5
33001014041P1,SP,4
33001014038P0,SP,4
33001014005P5,SP,7
33001014015P0,SP,4
33001014008P4,SP,5
33001014035P1,SP,4
33001014013P8,SP,5
33001014046P3,SP,3
33001014045P7,SP,5
33001014021P0,SP,5
33001014002P6,SP,7
33001014003P2,SP,4
33001014006P1,SP,7
33001014039P7,SP,4
33001014018P0,SP,5
33001014076P0,SP,A
33001014030P0,SP,4
33001014011P5,SP,4
33001014004P9,SP,7
33001014043P4,SP,4
33001014023P3,SP,5
33001014025P6,SP,6
33001014042P8,SP,4
33001014020P4,SP,5
33001014047P0,SP,4
33001014075P3,SP,3
33001014051P7,SP,4
33001014070P1,SP,4
33001014007P8,SP,5
33001014040P5,SP,3
33001014029P1,SP,3
33001014050P0,SP,4
33001014022P7,SP,4
33001014032P2,SP,4
33001014073P0,SP,3
33002010101P0,SP,5
33002010133P0,SP,5
33002010111P6,SP,4
33002010150P1,SP,5
33002010194P9,SP,6
33002010004P5,SP,7
33002010029P8,SP,6
33002010130P0,SP,6
33002010155P3,SP,5
33002010022P3,SP,7
33002010081P0,SP,5
33002010047P6,SP,6
33002010154P7,SP,5
33002010046P0,SP,5
33002010050P7,SP,6
33002010246P9,SP,4
33002010021P7,SP,6
33002010233P4,SP,3
33002010039P3,SP,5
33002010079P5,SP,7
33002010116P8,SP,7
33002010149P3,SP,6
33002010224P5,SP,4
33002010208P0,SP,5
33002010186P6,SP,7
33002010073P7,SP,7
33002010252P9,SP,3
33002010234P0,SP,3
33002010235P7,SP,3
33002010053P6,SP,7
33002010220P0,SP,5
33002010099P6,SP,7
33002010223P9,SP,4
33002010156P0,SP,5
33002010027P5,SP,7
33002010035P8,SP,6
33002010190P3,SP,5
33002010211P0,SP,3
33002010003P9,SP,5
33002010174P8,SP,5
33002010024P6,SP,6
33002010057P1,SP,6
33002010066P0,SP,7
33002010213P3,SP,5
33002010212P7,SP,5
33002010232P8,SP,4
33002010086P1,SP,6
33002010034P1,SP,6
33002010077P2,SP,6
33002010218P5,SP,4
33002010112P2,SP,5
33002010161P3,SP,4
33002010242P3,SP,4
33002010049P9,SP,5
33002010125P7,SP,7
33002010017P0,SP,7
33002010195P5,SP,4
33002010038P7,SP,4
33002010245P2,SP,4
33002010202P1,SP,4
33002010007P4,SP,6
33002010033P5,SP,4
33002010225P1,SP,5
33002010098P0,SP,5
33002010118P0,SP,6
33002010115P1,SP,5
33002010247P5,SP,3
33002010068P3,SP,5
33002010097P3,SP,4
33002010231P1,SP,4
33002010070P8,SP,4
33002010030P6,SP,7
33002010172P5,SP,6
33002010060P2,SP,5
33002010001P6,SP,5
33002010185P0,SP,5
33002010104P0,SP,5
33002010236P3,SP,4
33002010226P8,SP,4
33002010121P1,SP,7
33002010241P7,SP,3
33002010162P0,SP,5
33002010031P2,SP,7
33002010145P8,SP,7
33002010062P5,SP,5
33002010002P2,SP,7
33002010117P4,SP,6
33002010175P4,SP,4
33002010214P0,SP,4
33002010132P3,SP,5
33002010096P7,SP,5
33002010106P2,SP,5
33002010048P2,SP,6
33002010240P0,SP,5
33002010200P9,SP,6
33002010199P0,SP,7
33002010134P6,SP,4
33002010141P2,SP,5
33002010131P7,SP,5
33002010026P9,SP,7
33002010113P9,SP,5
33002010253P5,SP,3
33002010219P1,SP,7
33002010028P1,SP,6
33002010222P2,SP,6
33002010227P4,SP,4
33002010249P8,SP,5
33002010237P0,SP,3
33002010069P0,SP,6
33002010216P2,SP,3
33002010056P5,SP,5
33002010103P3,SP,6
33002010036P4,SP,7
33002010127P0,SP,7
33002010018P6,SP,7
33002010203P8,SP,6
33002010239P2,SP,5
33002010052P0,SP,5
33002010013P4,SP,4
33002010109P1,SP,5
33002010040P1,SP,4
33002010123P4,SP,7
33002010083P2,SP,6
33002010168P8,SP,5
33002010191P0,SP,7
33002010045P3,SP,6
33002010055P9,SP,5
33002010177P7,SP,5
33002010171P9,SP,5
33002010165P9,SP,5
33002010037P0,SP,7
33002010119P7,SP,7
33002010250P6,SP,3
33002010151P8,SP,6
33002010108P5,SP,6
33002010105P6,SP,4
33002010138P1,SP,4
33002010204P4,SP,5
33002010209P6,SP,5
33002010120P5,SP,6
33002010176P0,SP,6
33002010064P8,SP,5
33002010238P6,SP,5
33002010188P9,SP,4
33002010251P2,SP,3
33002010129P2,SP,4
33002010217P9,SP,4
33002010107P9,SP,5
33002010078P9,SP,5
33002010005P1,SP,6
33002010122P8,SP,6
33002010019P2,SP,6
33002010182P0,SP,5
33002010198P4,SP,5
33002010229P7,SP,5
33002010210P4,SP,4
33002010006P8,SP,6
33002010085P5,SP,7
33002010072P0,SP,5
33002010244P6,SP,4
33002010016P3,SP,6
33002010126P3,SP,4
33002010184P3,SP,3
33002010248P1,SP,4
33002010032P9,SP,7
33002010228P0,SP,4
33002010061P9,SP,4
33002010067P7,SP,6
33002010084P9,SP,7
33002010243P0,SP,4
33002010124P0,SP,7
33002010221P6,SP,5
33002010110P0,SP,6
33002029015P2,SP,5
33002029018P1,SP,7
33002029031P8,SP,6
33002029041P3,SP,6
33002029029P3,SP,7
33002029055P4,SP,3
33002029007P0,SP,5
33002029037P6,SP,5
33002029052P5,SP,3
33002029042P0,SP,4
33002029012P3,SP,7
33002029022P9,SP,5
33002029053P1,SP,4
33002029034P7,SP,5
33002029009P2,SP,7
33002029008P6,SP,5
33002029027P0,SP,7
33002029011P7,SP,4
33002029006P3,SP,6
33002029030P1,SP,6
33002029044P2,SP,6
33002029043P6,SP,4
33002029049P4,SP,4
33002029056P0,SP,3
33002029036P0,SP,6
33002029051P9,SP,4
33002029002P8,SP,6
33002029035P3,SP,6
33002029048P8,SP,5
33002029003P4,SP,7
33002029045P9,SP,6
33002029032P4,SP,6
33002029047P1,SP,4
33002029033P0,SP,6
33002029046P5,SP,4
33002029026P4,SP,7
33002029004P0,SP,7
33002029010P0,SP,7
33002029019P8,SP,5
33002029040P7,SP,5
33002029016P9,SP,5
33002029020P6,SP,6
33002029023P5,SP,7
33002029054P8,SP,4
33002029014P6,SP,4
33002029005P7,SP,6
33002029050P2,SP,3
33002029039P9,SP,6
33002029038P2,SP,5
33002029017P5,SP,7
33002037025P3,SP,4
33002037004P6,SP,7
33002037001P7,SP,7
33002037020P1,SP,7
33002037008P1,SP,5
33002037006P9,SP,7
33002037002P3,SP,7
33002037023P0,SP,6
33002037016P4,SP,5
33002037015P8,SP,5
33002037011P2,SP,5
33002037022P4,SP,4
33002037024P7,SP,4
33002037013P5,SP,7
33002037021P8,SP,6
33002037003P0,SP,6
33002037005P2,SP,5
33002045011P8,SP,7
33002045021P3,SP,4
33002045003P5,SP,7
33002045018P2,SP,5
33002045009P3,SP,5
33002045002P9,SP,7
33002045008P7,SP,7
33002045014P7,SP,6
33002045016P0,SP,5
33002045007P0,SP,7
33002045020P7,SP,7
33002045013P0,SP,6
33002045070P4,SP,4
33002045010P1,SP,7
33002045006P4,SP,4
33002045004P1,SP,7
33002045017P6,SP,6
33002053010P7,SP,6
33002053009P9,SP,5
33002061001P3,SP,7
33002088003P7,SP,5
33002088002P0,SP,4
33002088001P4,SP,5
33002088004P3,SP,4
33003017054P9,SP,5
33003017080P0,SP,6
33003017002P9,SP,7
33003017092P8,SP,4
33003017082P2,SP,6
33003017077P9,SP,6
33003017007P0,SP,7
33003017034P8,SP,7
33003017066P7,SP,6
33003017061P5,SP,6
33003017043P7,SP,6
33003017029P4,SP,7
33003017022P0,SP,6
33003017086P8,SP,5
33003017095P7,SP,5
33003017058P4,SP,5
33003017028P8,SP,5
33003017027P1,SP,7
33003017171P5,SP,4
33003017009P3,SP,6
33003017091P1,SP,4
33003017010P1,SP,5
33003017023P6,SP,5
33003017015P3,SP,6
33003017021P3,SP,7
33003017069P6,SP,5
33003017096P3,SP,4
33003017042P0,SP,6
33003017090P5,SP,4
33003017098P6,SP,3
33003017016P0,SP,6
33003017033P1,SP,6
33003017003P5,SP,7
33003017170P9,SP,4
33003017031P9,SP,6
33003017006P4,SP,5
33003017046P6,SP,5
33003017076P2,SP,5
33003017072P7,SP,5
33003017019P9,SP,7
33003017026P5,SP,5
33003017038P3,SP,6
33003017081P6,SP,4
33003017047P2,SP,6
33003017004P1,SP,6
33003017039P0,SP,5
33003017094P0,SP,6
33003017085P1,SP,4
33003017063P8,SP,5
33003017030P2,SP,7
33003017005P8,SP,7
33003017017P6,SP,7
33003017024P2,SP,7
33003017062P1,SP,7
33003017097P0,SP,2
33003017020P7,SP,6
33003017041P4,SP,5
33003017044P3,SP,5
33003017071P0,SP,5
33003017093P4,SP,5
33003017001P2,SP,6
33003017052P6,SP,5
33003017051P0,SP,5
33003017049P5,SP,5
33003017172P1,SP,4
33003017078P5,SP,7
33003017065P0,SP,5
33003025003P0,SP,4
33003025005P3,SP,5
33003025004P7,SP,3
33003025001P8,SP,4
33003025002P4,SP,5
33003033003P6,SP,7
33003033004P2,SP,6
33003033001P3,SP,5
33003033009P4,SP,7
33003033005P9,SP,5
33003033010P2,SP,5
33003033008P8,SP,7
33004110044P0,SP,5
33004013063P4,SP,5
33004013066P3,SP,4
33004013068P6,SP,4
33004021074P1,SP,4
33004021075P8,SP,5
33004021011P0,SP,5
33004021073P5,SP,6
33004030059P1,SP,7
33004030077P0,SP,5
33004030170P0,SP,4
33004030078P6,SP,6
33004030081P7,SP,7
33004030017P7,SP,4
33004030016P0,SP,5
33004030080P0,SP,4
33004030083P0,SP,4
33004030010P2,SP,5
33004030079P2,SP,4
33004030072P8,SP,7
33004030009P4,SP,6
33004048021P6,SP,4
33004048019P1,SP,5
33004048023P9,SP,4
33004056090P3,SP,5
33004056082P0,SP,6
33004056092P6,SP,4
33004056079P0,SP,6
33004056091P0,SP,4
33004056083P7,SP,6
33004056080P8,SP,4
33004056089P5,SP,5
33004056086P6,SP,5
33004056085P0,SP,5
33004056088P9,SP,4
33004056081P4,SP,5
33004056087P2,SP,4
33004064087P8,SP,5
33004064006P8,SP,4
33004064014P0,SP,5
33004064080P3,SP,6
33004064079P5,SP,5
33004064038P7,SP,5
33004064034P1,SP,6
33004064025P2,SP,6
33004064078P9,SP,4
33004064065P4,SP,5
33004064081P0,SP,5
33004064077P2,SP,6
33004064048P2,SP,6
33004064026P9,SP,6
33004064039P3,SP,5
33004064012P8,SP,6
33004064089P0,SP,4
33004064088P4,SP,4
33004064020P0,SP,6
33004064083P2,SP,4
33004064082P6,SP,5
33004064086P1,SP,6
33004064085P5,SP,4
33004064022P3,SP,7
33004064056P5,SP,5
33004064076P6,SP,5
33004064090P9,SP,5
33004072068P9,SP,4
33004072013P0,SP,5
33004072067P2,SP,5
33004072069P5,SP,4
33004080052P0,SP,3
33004080027P6,SP,5
33004080051P4,SP,5
33004099084P5,SP,4
33004013069P2,SP,4
33004099082P2,SP,4
33004099079P1,SP,5
33004099080P0,SP,6
33004099083P9,SP,6
33004099086P8,SP,4
33004102070P6,SP,6
33004102049P7,SP,5
33004102072P9,SP,6
33004102073P5,SP,4
33004102071P2,SP,5
33004102029P6,SP,5
33004102001P4,SP,6
33004102037P9,SP,5
33004102002P0,SP,7
33004110042P8,SP,4
33004110043P4,SP,7
33004110041P1,SP,5
33004110040P5,SP,6
33004110045P7,SP,4
33004129044P6,SP,5
33004137068P8,SP,3
33004129069P9,SP,3
33004129046P9,SP,4
33004129042P3,SP,7
33004129043P0,SP,6
33004129047P5,SP,4
33004137067P1,SP,6
33004137064P2,SP,5
33004137062P0,SP,5
33004137046P4,SP,5
33004137004P0,SP,5
33004137065P9,SP,4
33004137036P9,SP,5
33004137066P5,SP,5
33004137031P7,SP,7
33004137063P6,SP,4
33004145070P8,SP,5
33004145083P2,SP,4
33004145082P6,SP,4
33004153078P4,SP,4
33004153077P8,SP,5
33004153069P5,SP,7
33004153023P5,SP,5
33004153074P9,SP,5
33004153071P0,SP,5
33004153070P3,SP,5
33004153072P6,SP,7
33004153073P2,SP,4
33004153015P2,SP,5
33004153068P9,SP,5
33004161001P7,SP,4
33004170001P6,SP,4
33004170002P2,SP,3
33004188001P8,SP,5
33005010026P1,SP,4
33005010013P7,SP,5
33005010018P9,SP,4
33005010032P1,SP,5
33005010008P3,SP,6
33005010029P0,SP,4
33005010021P0,SP,4
33005010009P0,SP,5
33005010034P4,SP,4
33005010011P4,SP,4
33005010014P3,SP,4
33005010010P8,SP,5
33005010005P4,SP,5
33005010019P5,SP,5
33005010045P6,SP,3
33005010003P1,SP,4
33005010037P3,SP,4
33005010022P6,SP,5
33005010006P0,SP,3
33005010033P8,SP,4
33005010020P3,SP,7
33005010002P5,SP,4
33005010047P9,SP,A
33005010023P2,SP,5
33005010046P2,SP,3
33005010027P8,SP,2
33005010001P9,SP,5
33005010024P9,SP,4
33006016002P8,SP,5
33006016014P6,SP,4
33006016010P0,SP,5
33006016016P9,SP,4
33006016011P7,SP,3
33006016015P2,SP,4
33006016005P7,SP,4
33006016018P1,SP,3
33006016013P0,SP,4
33006016017P5,SP,4
33007012004P7,SP,4
33007012001P8,SP,4
33007012010P7,SP,3
33007012011P3,SP,5
33007012008P2,SP,3
33007012005P3,SP,2
33008019007P2,SP,3
33008019005P0,SP,4
33008019008P9,SP,4
33008019006P6,SP,4
33009015009P1,SP,4
33009015082P0,SP,3
33009015017P4,SP,6
33009015080P8,SP,5
33009015018P0,SP,4
33009015026P3,SP,5
33009015029P2,SP,4
33009015030P0,SP,6
33009015034P6,SP,5
33009015089P5,SP,4
33009015031P7,SP,5
33009015067P1,SP,5
33009015019P7,SP,5
33009015077P7,SP,2
33009015007P9,SP,4
33009015035P2,SP,6
33009015003P3,SP,7
33009015172P0,SP,3
33009015175P9,SP,4
33009015016P8,SP,6
33009015066P5,SP,4
33009015085P0,SP,4
33009015073P1,SP,4
33009015001P0,SP,7
33009015013P9,SP,4
33009015179P4,SP,3
33009015024P0,SP,7
33009015092P6,SP,3
33009015090P3,SP,3
33009015086P6,SP,4
33009015069P4,SP,6
33009015071P9,SP,5
33009015178P8,SP,4
33009015093P2,SP,4
33009015014P5,SP,5
33009015174P2,SP,3
33009015032P3,SP,7
33009015079P0,SP,4
33009015170P7,SP,4
33009015041P2,SP,6
33009015033P0,SP,7
33009015173P6,SP,3
33009015094P9,SP,4
33009015171P3,SP,3
33009015021P1,SP,4
33009015012P2,SP,3
33009015177P1,SP,4
33009015038P1,SP,6
33009015020P5,SP,5
33009015068P8,SP,4
33009015075P4,SP,4
33009015072P5,SP,5
33009015076P0,SP,4
33009015045P8,SP,5
33009015087P2,SP,4
33009015083P7,SP,4
33009015091P0,SP,3
33009015006P2,SP,4
33009015176P5,SP,3
33009015002P7,SP,6
33009015015P1,SP,5
33009015078P3,SP,4
33009015011P6,SP,5
33009015070P2,SP,5
33010013002P1,SP,5
33010013009P6,SP,4
33010013010P4,SP,4
33010013003P8,SP,6
33010013011P0,SP,6
33010013008P0,SP,6
33010013005P0,SP,7
33011010008P0,SP,6
33011010009P6,SP,5
33011010013P3,SP,4
33011010015P6,SP,A
33011010001P5,SP,4
33011010014P0,SP,3
33011010012P7,SP,4
33011010005P0,SP,4
33014019002P7,SP,7
33014019003P3,SP,6
33014019005P6,SP,5
33014019007P9,SP,5
33014019006P2,SP,4
33014019004P0,SP,5
33014019001P0,SP,7
33015015001P7,SP,7
33017018007P8,SP,3
33017018001P0,SP,5
33017018002P6,SP,4
33017018004P9,SP,4
33018014002P2,SP,4
33019010014P7,SP,4
33019010013P0,SP,4
33019010003P5,SP,3
33019010010P1,SP,4
33019010012P4,SP,5
33020019001P7,SP,4
33020019005P2,SP,4
33020019004P6,SP,4
33020019006P9,SP,3
33021015007P1,SP,3
33021015010P2,SP,4
33021015008P8,SP,4
33021015013P1,SP,4
33021015006P5,SP,3
33021015001P3,SP,4
33021015009P4,SP,3
33021015012P5,SP,4
33021015011P9,SP,4
33024014015P3,SP,7
33024014031P9,SP,4
33024014028P8,SP,4
33024014020P7,SP,6
33024014029P4,SP,4
33024014032P5,SP,A
33024014024P2,SP,5
33024014016P0,SP,5
33024014019P9,SP,5
33024014030P2,SP,4
33024014009P3,SP,7
33024014018P2,SP,6
33024014017P6,SP,4
33026017001P5,SP,3
33027013002P8,SP,4
33027013005P7,SP,3
33027013004P0,SP,5
33027013003P4,SP,3
33028010005P7,SP,3
33029016002P0,SP,4
33029016001P4,SP,4
33031010002P1,SP,4
33031010001P5,SP,5
33031010003P8,SP,3
33032017005P7,SP,5
33032017010P0,SP,3
33032017009P2,SP,4
33032017004P0,SP,5
33032017011P7,SP,4
33032017006P3,SP,3
33034010008P2,SP,A
33034010006P0,SP,5
33034010009P9,SP,A
33038015007P8,SP,4
33045011002P9,SP,3
33045011001P2,SP,5
33050015007P0,SP,5
33050015004P1,SP,5
33050015005P8,SP,7
33051011007P7,SP,4
33051011002P5,SP,4
33051011010P8,SP,4
33051011003P1,SP,4
33052018007P3,SP,4
33052018003P8,SP,5
33052018005P0,SP,5
33052018006P7,SP,4
33054010004P7,SP,4
33054010003P0,SP,4
33054010002P4,SP,5
33054010007P6,SP,4
33054010005P3,SP,4
33056013013P9,SP,4
33056013014P5,SP,4
33056013015P1,SP,4
33056013012P2,SP,4
33057010006P2,SP,3
33057010002P7,SP,4
33057010004P0,SP,3
33057010005P6,SP,3
33057010007P9,SP,A
33063010004P6,SP,4
33063010003P0,SP,4
33063010002P3,SP,5
33063010007P5,SP,A
33063010005P2,SP,5
33063010006P9,SP,5
33065012003P9,SP,4
33065012002P2,SP,4
33065012001P6,SP,4
33065012004P5,SP,5
33068011007P3,SP,3
33068011005P0,SP,4
33068011006P7,SP,4
33072019002P5,SP,5
33072019003P1,SP,5
33072019004P8,SP,5
33072019005P4,SP,4
33073015002P1,SP,A
33073015001P5,SP,6
33076014008P9,SP,A
33076014006P6,SP,4
33076014004P3,SP,3
33076014001P4,SP,4
33076014005P0,SP,4
33078017011P2,SP,4
33078017001P7,SP,4
33078017009P8,SP,5
33078017002P3,SP,4
33079013002P0,SP,3
33079013001P3,SP,3
33081018001P4,SP,4
33082014006P2,SP,3
33082014004P0,SP,4
33082014001P0,SP,5
33082014002P7,SP,3
33082014005P6,SP,4
33082014003P3,SP,4
33083010005P2,SP,3
33083010001P7,SP,3
33083010004P6,SP,3
33083010003P0,SP,2
33084017002P0,SP,4
33084017003P6,SP,3
33087016004P1,SP,3
33087016005P8,SP,A
33087016001P2,SP,4
33087016002P9,SP,3
33087016003P5,SP,3
33092010002P2,SP,4
33092010011P1,SP,4
33092010010P5,SP,4
33092010017P0,SP,4
33092010004P5,SP,6
33092010014P0,SP,3
33092010013P4,SP,6
33092010001P6,SP,6
33092010012P8,SP,4
33092010008P0,SP,5
33092010016P3,SP,5
33092010007P4,SP,4
33093016006P0,SP,4
33093016005P4,SP,4
33093016003P1,SP,4
33093016004P8,SP,5
33096015001P8,SP,4
33096015003P0,SP,4
33099014002P3,SP,3
33103011002P6,SP,3
33103011003P2,SP,3
33103011004P9,SP,4
33104018005P1,SP,3
33105014001P2,SP,5
33106010001P9,SP,4
33106010004P8,SP,3
33106010002P5,SP,5
33106010003P1,SP,4
33106010005P4,SP,4
33107017008P0,SP,3
33107017002P1,SP,3
33107017009P6,SP,3
33107017003P8,SP,4
33110018001P2,SP,5
33110018004P1,SP,4
33110018003P5,SP,4
33110018005P8,SP,3
33111014001P9,SP,3
33112010001P5,SP,4
33113017001P1,SP,4
33114013001P8,SP,4
33114013002P4,SP,4
33115010001P8,SP,3
33115028001P0,SP,4
33117012003P0,SP,3
33117012001P7,SP,6
33117012002P3,SP,4
33117012004P6,SP,4
33119015003P2,SP,3
33119015002P6,SP,5
33119015001P0,SP,4
33120013001P4,SP,5
33125015001P6,SP,4
33125015002P2,SP,4
33126011003P5,SP,4
33126011002P9,SP,4
33128014001P5,SP,4
33129010003P4,SP,4
33129010001P1,SP,5
33129010002P8,SP,5
33129010004P0,SP,3
33131015001P2,SP,3
33132011001P9,SP,4
33136017001P4,SP,5
33138010001P0,SP,4
33139016003P6,SP,4
33139016002P0,SP,5
33139016001P3,SP,5
33140014001P8,SP,4
33141010001P4,SP,4
33142017001P0,SP,3
33142017003P3,SP,3
33144010016P4,SP,4
33144010173P2,SP,3
33144010018P7,SP,4
33144010010P6,SP,5
33144010008P1,SP,4
33144010174P9,SP,3
33144010002P3,SP,4
33144010013P5,SP,5
33144010019P3,SP,4
33144010172P6,SP,4
33144010003P0,SP,6
33144010023P0,SP,3
33144010022P4,SP,3
33144010009P8,SP,4
33144010015P8,SP,4
33144010001P7,SP,5
33144010017P0,SP,4
33144010014P1,SP,4
33144010006P9,SP,6
33144010005P2,SP,4
33144010004P6,SP,4
33144010007P5,SP,5
33144010012P9,SP,5
33144010020P1,SP,4
33144010011P2,SP,3
33144010171P0,SP,4
33145016001P0,SP,5
33145016002P6,SP,4
33146012002P2,SP,4
33147019001P2,SP,5
33148015001P9,SP,4
33149011002P1,SP,3
33149011001P5,SP,4
33150010001P3,SP,5
33158010002P7,SP,3
33158010001P0,SP,6
33160015002P8,SP,5
33245010001P7,SP,4
33248010001P0,SP,4
33254010001P6,SP,3
33278016001P1,SP,4
33280010001P2,RN,3
33281017001P9,SP,1
33283010001P5,SP,5
33287015001P7,SP,5
33299013001P1,SP,4
33300003001P0,RJ,4
33301000001P0,RJ,4
33302006001P2,RJ,4
33303002001P9,RJ,4
33305005001P1,RJ,4
33305005002P8,RJ,A
33309000002P3,RJ,3
33309000001P7,RJ,3
33313008001P0,RJ,A
33324000001P2,RJ,3
33335001001P7,RJ,4
33339007001P2,RJ,3
35009004001P0,SP,4
35016000001P3,SP,3
35019000001P6,SP,3
35133007001P5,SP,3
35183004001P4,SP,A
40001016027P9,PR,4
40001016171P2,PR,3
40001016074P7,PR,4
40001016007P8,PR,5
40001016044P0,PR,5
40001016023P3,PR,6
40001016014P4,PR,5
40001016172P9,PR,3
40001016058P1,PR,4
40001016048P6,PR,6
40001016072P4,PR,4
40001016017P3,PR,6
40001016021P0,PR,4
40001016051P7,PR,4
40001016071P8,PR,5
40001016083P6,PR,3
40001016025P6,PR,6
40001016078P2,PR,3
40001016042P8,PR,5
40001016012P1,PR,5
40001016032P2,PR,5
40001016030P0,PR,4
40001016035P1,PR,6
40001016174P1,PR,A
40001016079P9,PR,3
40001016054P6,PR,5
40001016043P4,PR,4
40001016005P5,PR,5
40001016050P0,PR,5
40001016068P7,PR,4
40001016075P3,PR,4
40001016081P3,PR,4
40001016015P0,PR,5
40001016067P0,PR,5
40001016053P0,PR,5
40001016103P7,PR,3
40001016045P7,PR,5
40001016061P2,PR,6
40001016038P0,PR,5
40001016031P6,PR,6
40001016056P9,PR,4
40001016170P6,PR,4
40001016047P0,PR,6
40001016073P0,PR,4
40001016029P1,PR,4
40001016039P7,PR,5
40001016066P4,PR,4
40001016016P7,PR,7
40001016040P5,PR,5
40001016020P4,PR,6
40001016002P6,PR,5
40001016080P7,PR,4
40001016034P5,PR,6
40001016008P4,PR,5
40001016026P2,PR,7
40001016003P2,PR,7
40001016028P5,PR,4
40001016001P0,PR,7
40001016076P0,PR,4
40001016077P6,PR,4
40001016070P1,PR,3
40001016006P1,PR,5
40001016024P0,PR,5
40001016173P5,PR,4
40001016041P1,PR,5
40001016065P8,PR,4
40001016084P2,PR,3
40001016104P3,PR,3
40001016004P9,PR,5
40001016033P9,PR,5
40001016009P0,PR,6
40001016082P0,PR,4
40001016057P5,PR,3
40001016013P8,PR,3
40001016018P0,PR,4
40001016049P2,PR,5
40001016036P8,PR,7
40001016019P6,PR,6
40001016055P2,PR,4
40002012016P3,PR,5
40002012014P0,PR,4
40002012008P0,PR,4
40002012009P7,PR,7
40002012025P2,PR,7
40002012034P1,PR,3
40002012018P6,PR,5
40002012002P2,PR,4
40002012019P2,PR,4
40002012033P5,PR,4
40002012040P1,PR,3
40002012048P2,PR,4
40002012037P0,PR,3
40002012050P7,PR,4
40002012030P6,PR,3
40002012024P6,PR,4
40002012032P9,PR,4
40002012042P4,PR,5
40002012015P7,PR,5
40002012173P1,PR,4
40002012012P8,PR,4
40002012171P9,PR,4
40002012005P1,PR,5
40002012023P0,PR,6
40002012175P4,PR,4
40002012170P2,PR,4
40002012026P9,PR,7
40002012027P5,PR,4
40002012046P0,PR,5
40002012045P3,PR,4
40002012039P3,PR,4
40002012013P4,PR,6
40002012022P3,PR,5
40002012028P1,PR,5
40002012049P9,PR,4
40002012020P0,PR,4
40002012017P0,PR,4
40002012021P7,PR,4
40002012172P5,PR,3
40002012047P6,PR,4
40002012003P9,PR,4
40003019013P0,PR,5
40003019009P3,PR,4
40003019019P9,PR,4
40003019008P7,PR,6
40003019010P1,PR,5
40003019016P0,PR,4
40003019017P6,PR,5
40003019018P2,PR,4
40003019014P7,PR,6
40003019005P8,PR,6
40003019006P4,PR,6
40003019011P8,PR,4
40003019020P7,PR,4
40003019007P0,PR,5
40003019015P3,PR,6
40003019004P1,PR,5
40004015022P6,PR,5
40004015042P7,PR,4
40004015070P0,PR,4
40004015004P8,PR,5
40004015001P9,PR,5
40004015036P7,PR,4
40004015012P0,PR,5
40004015044P0,PR,3
40004015076P9,PR,3
40004015013P7,PR,5
40004015073P0,PR,3
40004015035P0,PR,4
40004015077P5,PR,3
40004015002P5,PR,6
40004015040P4,PR,4
40004015027P8,PR,3
40004015074P6,PR,4
40004015075P2,PR,3
40002012029P8,PR,5
40004015078P1,PR,4
40004015021P0,PR,5
40004015026P1,PR,4
40004015023P2,PR,5
40004015039P6,PR,3
40004015008P3,PR,6
40004015011P4,PR,6
40004015024P9,PR,5
40004015019P5,PR,4
40004015025P5,PR,5
40004015034P4,PR,4
40004015038P0,PR,3
40004015033P8,PR,4
40004015006P0,PR,6
40004015014P3,PR,6
40004015043P3,PR,4
40004015020P3,PR,5
40004015028P4,PR,4
40004015029P0,PR,4
40004015031P5,PR,4
40004015018P9,PR,5
40004015041P0,PR,4
40004015005P4,PR,7
40004015071P7,PR,4
40004015072P3,PR,3
40004015007P7,PR,4
40004015003P1,PR,6
40004015037P3,PR,5
40005011004P4,PR,5
40005011170P1,PR,4
40005011171P8,PR,3
40005011042P3,PR,4
40005011003P8,PR,4
40005011010P4,PR,5
40005011173P0,PR,A
40005011017P9,PR,3
40005011172P4,PR,4
40005011005P0,PR,5
40005011014P0,PR,4
40005011012P7,PR,4
40005011006P7,PR,5
40005011013P3,PR,3
40005011018P5,PR,3
40005011008P0,PR,5
40005011007P3,PR,4
40005011002P1,PR,4
40005011015P6,PR,4
40005011009P6,PR,4
40006018033P0,PR,3
40006018174P3,PR,3
40006018013P0,PR,4
40006018020P6,PR,3
40006018181P0,PR,4
40006018028P7,PR,5
40006018038P2,PR,4
40006018034P7,PR,4
40006018006P3,PR,4
40006018036P0,PR,4
40006018037P6,PR,4
40006018177P2,PR,3
40006018032P4,PR,3
40006018043P6,PR,3
40006018019P8,PR,4
40006018179P5,PR,3
40006018176P6,PR,4
40006018017P5,PR,4
40006018023P5,PR,4
40006018027P0,PR,4
40006018030P1,PR,3
40006018002P8,PR,5
40006018004P0,PR,5
40006018026P4,PR,4
40006018178P9,PR,3
40006018003P4,PR,4
40006018018P1,PR,4
40006018015P2,PR,4
40006018009P2,PR,3
40006018024P1,PR,3
40006018012P3,PR,4
40006018025P8,PR,4
40006018011P7,PR,3
40006018180P3,PR,3
40006018005P7,PR,4
40006018035P3,PR,4
40006018031P8,PR,3
40006018172P0,PR,3
40006018016P9,PR,4
40006018001P1,PR,6
40006018010P0,PR,5
40006018170P8,PR,3
40006018175P0,PR,4
40006018041P3,PR,4
40006018171P4,PR,3
40006018008P6,PR,5
40006018173P7,PR,3
40006018182P6,PR,A
40006018044P2,PR,3
40006018022P9,PR,4
40001016175P8,PR,4
40009017001P0,PR,4
40005011011P0,PR,4
40014010002P7,PR,4
40014010005P6,PR,4
40014010007P9,PR,5
40014010008P5,PR,3
40014010043P5,PR,3
40014010006P2,PR,4
40014010042P9,PR,4
40014010010P0,PR,4
40002012041P8,PR,4
40014010012P2,PR,4
40014010003P3,PR,4
40014010009P1,PR,4
40014010011P6,PR,4
40014010004P0,PR,4
40015017026P0,PR,3
40015017009P8,PR,4
40015017007P5,PR,5
40015017020P1,PR,4
40015017172P6,PR,5
40015017173P2,PR,3
40015017027P6,PR,4
40015017011P2,PR,4
40015017171P0,PR,4
40015017006P9,PR,5
40015017070P9,PR,4
40015017019P3,PR,5
40015017015P8,PR,4
40015017071P5,PR,3
40015017013P5,PR,5
40015017016P4,PR,3
40015017072P1,PR,4
40015017003P0,PR,5
40015017029P9,PR,3
40015017004P6,PR,6
40015017018P7,PR,4
40015017010P6,PR,5
40015017170P3,PR,4
40015017025P3,PR,4
40015017008P1,PR,5
40015017021P8,PR,3
40015017002P3,PR,5
40015017005P2,PR,5
40015017028P2,PR,4
40015017014P1,PR,5
40015017022P4,PR,5
40015017023P0,PR,3
40015017001P7,PR,5
40020010003P0,PR,4
40020010002P3,PR,4
40020010001P7,PR,5
40020010004P6,PR,4
40022013003P2,PR,4
40022013009P0,PR,3
40022013007P8,PR,4
40022013001P0,PR,4
40022013005P5,PR,5
40022013004P9,PR,5
40024016005P8,PR,4
40024016003P5,PR,4
40024016004P1,PR,4
40028011001P8,PR,4
40028011004P7,PR,4
40028011002P4,PR,4
40028011003P0,PR,5
40029018001P4,PR,5
40030016004P8,PR,4
40030016002P5,PR,5
40030016001P9,PR,4
40030016003P1,PR,4
40031012001P5,PR,4
40031012070P7,PR,4
40031012072P0,PR,3
40031012071P3,PR,3
40031012002P1,PR,3
40033015001P8,PR,4
40034011075P8,PR,3
40035018001P0,PR,4
40036014001P7,PR,5
40037010001P3,PR,4
40037010002P0,PR,4
40038017001P0,PR,3
40041018001P7,PR,4
40043010002P6,PR,4
40043010010P9,PR,3
40043010004P9,PR,3
40043010012P1,PR,4
40043010008P4,PR,3
40043010007P8,PR,4
40043010005P5,PR,4
40043010011P5,PR,3
40043010006P1,PR,4
40043010009P0,PR,3
40043010003P2,PR,3
40043010001P0,PR,4
40051013001P9,PR,4
40051013002P5,PR,3
40066010001P2,PR,A
40070018001P6,PR,3
40076016006P6,PR,3
40076016001P4,PR,4
40076016005P0,PR,3
40076016004P3,PR,3
40076016002P0,PR,4
40076016003P7,PR,3
40076016007P2,PR,3
40076059001P6,PR,A
40077012001P0,PR,3
40079015001P3,PR,3
41001010052P0,SC,5
41001010011P1,SC,6
41001010050P7,SC,6
41001010018P6,SC,5
41001010027P5,SC,6
41001010023P0,SC,6
41001010087P8,SC,4
41001010029P8,SC,7
41001010041P8,SC,6
41001010024P6,SC,6
41001010049P9,SC,4
41001010004P5,SC,5
41001010009P7,SC,6
41001010017P0,SC,6
41001010010P5,SC,4
41001010069P0,SC,6
41001010088P4,SC,3
41001010074P3,SC,4
41001010156P0,SC,4
41001010084P9,SC,3
41001010043P0,SC,5
41001010076P6,SC,5
41001010012P8,SC,5
41001010022P3,SC,7
41001010055P9,SC,7
41001010086P1,SC,2
41001010165P9,SC,A
41001010048P2,SC,5
41001010032P9,SC,5
41001010016P3,SC,5
41001010162P0,SC,3
41001010005P1,SC,7
41001010040P1,SC,6
41001010015P7,SC,5
41001010053P6,SC,6
41001010033P5,SC,6
41001010054P2,SC,5
41001010080P3,SC,1
41001010157P6,SC,3
41001010089P0,SC,4
41001010161P3,SC,4
41001010083P2,SC,4
41001010047P6,SC,5
41001010090P9,SC,3
41001010051P3,SC,6
41001010158P2,SC,4
41001010025P2,SC,5
41001010079P5,SC,5
41001010008P0,SC,5
41001010078P9,SC,3
41001010070P8,SC,4
41001010159P9,SC,4
41001010031P2,SC,7
41001010163P6,SC,3
41001010065P4,SC,6
41001010064P8,SC,6
41001010160P7,SC,3
41001010020P0,SC,5
41001010073P7,SC,4
41001010044P7,SC,5
41001010036P4,SC,5
41001010001P6,SC,5
41001010046P0,SC,7
41001010164P2,SC,3
42001013102P6,SC,4
41001010038P7,SC,5
41001010035P8,SC,5
41001010019P2,SC,6
41001010071P4,SC,5
41001010014P0,SC,6
41001010006P8,SC,6
41001010085P5,SC,3
41001010028P1,SC,7
41001010037P0,SC,5
41001010021P7,SC,6
41001010039P3,SC,7
41001010013P4,SC,5
41001028002P4,SC,3
41001028001P8,SC,3
41001052001P4,SC,A
41002016001P9,SC,4
41002016164P5,SC,3
41002016016P6,SC,4
41002016013P7,SC,5
41002016023P2,SC,4
41002016010P8,SC,4
41002016162P2,SC,4
41002016019P5,SC,4
41002016020P3,SC,4
41002016161P6,SC,4
41002016004P8,SC,5
41002016166P8,SC,4
41002016009P0,SC,5
41002016005P4,SC,5
41002016003P1,SC,5
41002016018P9,SC,4
41002016008P3,SC,5
41002016022P6,SC,4
41002016157P9,SC,4
41002016156P2,SC,4
41002016014P3,SC,5
41002016015P0,SC,5
41002016007P7,SC,5
41002016012P0,SC,4
41002016011P4,SC,4
41002016021P0,SC,4
41002016165P1,SC,4
41002016025P5,SC,4
41002016158P5,SC,4
41002016024P9,SC,4
41004019004P0,SC,4
41004019002P8,SC,3
41004019005P7,SC,5
41004019003P4,SC,4
41004019001P1,SC,5
41005015013P6,SC,3
41005015011P3,SC,4
41005015002P4,SC,5
41005015012P0,SC,3
41005015008P2,SC,5
41005015007P6,SC,4
41005015003P0,SC,5
41005015004P7,SC,5
41005015006P0,SC,4
41005015010P7,SC,4
41005015005P3,SC,5
41005015001P8,SC,6
41006011002P0,SC,4
41006011009P5,SC,3
41006011010P3,SC,4
41006011015P5,SC,3
41006011014P9,SC,3
41006011003P7,SC,5
41006011011P0,SC,4
41006011012P6,SC,3
41006011004P3,SC,5
41006011007P2,SC,5
41006011005P0,SC,4
41006011013P2,SC,3
41006011006P6,SC,5
41007018007P9,SC,4
41007018005P6,SC,4
41007018001P0,SC,4
41007018003P3,SC,4
41007018006P2,SC,4
41007018002P7,SC,5
41008014002P3,SC,4
41008014005P2,SC,4
41008014003P0,SC,4
41008014004P6,SC,5
41008014001P7,SC,5
41009010001P3,SC,4
41009010002P0,SC,3
41009010003P6,SC,3
41011015003P7,SC,4
41011015002P0,SC,3
41011015075P8,SC,3
41012011003P3,SC,3
41012011001P0,SC,5
41012011002P7,SC,3
41015010002P6,SC,4
41015010004P9,SC,4
41015010006P1,SC,4
41015010001P0,SC,5
41015010008P4,SC,4
41015010007P8,SC,3
41015010003P2,SC,7
41016017006P8,SC,4
41016017001P6,SC,5
41016017004P5,SC,4
41016017005P1,SC,5
41016017003P9,SC,4
41016017007P4,SC,4
41019016002P1,SC,4
41019016001P5,SC,4
41019016003P8,SC,A
41020014004P9,RS,4
41020014011P5,PR,4
41020014005P5,RS,4
41020014007P8,RS,4
41020014002P6,SC,3
41020014010P9,PR,3
41020014008P4,SC,4
41020014006P1,RS,4
41020014013P8,SC,3
41020014015P0,SC,3
41020014014P4,SC,3
41020014009P0,RS,3
41020014001P0,SC,4
41020014012P1,RS,3
41020014003P2,PR,4
41024010002P5,SC,3
41025016002P8,SC,A
41025016001P1,SC,3
41050002001P0,PR,A
41079000001P0,PR,3
42001013017P9,RS,6
42001013006P7,RS,7
42001013050P6,RS,5
42001013053P5,RS,6
42001013174P7,RS,5
42001013157P5,RS,4
42001013093P7,RS,5
42001013158P1,RS,4
42001013106P1,RS,4
42001013074P2,RS,6
42001013007P3,RS,5
42001013049P8,RS,6
42001013037P0,RS,6
42001013085P4,RS,4
42001013023P9,RS,7
42001013020P0,RS,5
42001013008P0,RS,6
42001013078P8,RS,5
42001013040P0,RS,7
42001013052P9,RS,4
42001013079P4,RS,5
42001013054P1,RS,4
42001013175P3,RS,3
42001013063P0,RS,4
42001013089P0,RS,4
42001013048P1,RS,5
42001013170P1,RS,4
42001013055P8,RS,6
42001013091P4,RS,6
42001013060P1,RS,6
42001013059P3,RS,7
42001013043P0,RS,7
42001013018P5,RS,4
42001013172P4,RS,3
42001013015P6,RS,6
42001013096P6,RS,6
42001013103P2,RS,4
42001013056P4,RS,6
42001013014P0,RS,6
42001013066P0,RS,7
42001013176P0,RS,A
42001013003P8,RS,5
42001013009P6,RS,5
42001013032P8,RS,6
42001013068P2,RS,7
42001013036P3,RS,6
42001013016P2,RS,7
42001013042P3,RS,6
42001013173P0,RS,4
42001013011P0,RS,5
42001013101P0,RS,4
42001013064P7,RS,5
42001013057P0,RS,5
42001013013P3,RS,6
42001013031P1,RS,7
42001013177P6,RS,3
42001013033P4,RS,5
42001013156P9,RS,5
42001013070P7,RS,5
42001013047P5,RS,7
42001013005P0,RS,7
42001013051P2,RS,6
42001013071P3,RS,6
42001013107P8,RS,4
42001013099P5,RS,3
42001013062P4,RS,5
42001013044P6,RS,7
42001013083P1,RS,2
42001013065P3,RS,6
42001013105P5,RS,5
42001013034P0,RS,7
42001013067P6,RS,5
42001013075P9,RS,7
42001013171P8,RS,4
42001013002P1,RS,7
42001013035P7,RS,5
42001013026P8,RS,5
42001013010P4,RS,7
42001013004P4,RS,7
42001013098P9,RS,4
42001013025P1,RS,6
42001013012P7,RS,7
42001013058P7,RS,6
42001013046P9,RS,6
42001013073P6,RS,7
42001013039P2,RS,6
42001013104P9,RS,4
42001013030P5,RS,7
42001013001P5,RS,6
42001021001P0,RS,3
42002010163P5,RS,3
42002010169P3,RS,A
42002010053P5,RS,4
42002010051P2,RS,5
42002010009P6,RS,5
42002010015P6,RS,5
42002010027P4,RS,7
42002010007P3,RS,6
42002010058P7,RS,4
42002010004P4,RS,4
42002010020P0,RS,4
42002010165P8,RS,3
42002010014P0,RS,5
42002010001P5,RS,5
42002010029P7,RS,5
42002010008P0,RS,5
42002010048P1,RS,4
42002010164P1,RS,3
42002010055P8,RS,5
42002010030P5,RS,4
42002010041P7,RS,4
42002010017P9,RS,5
42002010034P0,RS,3
42002010037P0,RS,5
42002010050P6,RS,4
42002010003P8,RS,7
42002010158P1,RS,5
42002010049P8,RS,3
42002010059P3,RS,4
42002010025P1,RS,5
42002010011P0,RS,7
42002010026P8,RS,6
42002010002P1,RS,5
42002010040P0,RS,5
42002010012P7,RS,7
42002010033P4,RS,3
42002010035P7,RS,5
42002010036P3,RS,3
42002010038P6,RS,5
42002010160P6,RS,4
42002010046P9,RS,5
42002010159P8,RS,4
42002010166P4,RS,3
42002010167P0,RS,3
42002010019P1,RS,4
42002010054P1,RS,4
42002010056P4,RS,5
42002010023P9,RS,6
42002010161P2,RS,4
42002010047P5,RS,4
42002010013P3,RS,5
42002010032P8,RS,5
42002010031P1,RS,5
42002010052P9,RS,5
42002010010P4,RS,4
42002010042P3,RS,5
42002010168P7,RS,A
42002010057P0,RS,4
42003016036P6,RS,4
42003016047P8,RS,4
42003016043P2,RS,4
42003016038P9,RS,5
42003016010P7,RS,4
42003016039P5,RS,5
42003016041P0,RS,5
42003016054P4,RS,4
42003016030P8,RS,5
42003016014P2,RS,5
42003016027P7,RS,5
42003016016P5,RS,4
42003016008P2,RS,6
42003016053P8,RS,4
42003016044P9,RS,4
42003016035P0,RS,4
42003016032P0,RS,5
42003016009P9,RS,6
42003016048P4,RS,4
42003016007P6,RS,4
42003016042P6,RS,4
42003016052P1,RS,4
42003016018P8,RS,6
42003016019P4,RS,3
42003016011P3,RS,7
42003016040P3,RS,5
42003016022P5,RS,5
42003016025P4,RS,5
42003016020P2,RS,7
42003016028P3,RS,5
42003016026P0,RS,5
42003016051P5,RS,4
42003016031P4,RS,4
42003016023P1,RS,4
42003016001P8,RS,6
42003016037P2,RS,5
42003016024P8,RS,5
42003016045P5,RS,5
42003016057P3,RS,3
42003016056P7,RS,4
42003016017P1,RS,4
42003016055P0,RS,4
42003016034P3,RS,4
42003016033P7,RS,4
42004012004P3,RS,4
42004012023P8,RS,4
42004012016P1,RS,5
42004012025P0,RS,3
42004012007P2,RS,7
42004012159P7,RS,3
42004012019P0,RS,3
42004012012P6,RS,5
42004012002P0,RS,4
42004012161P1,RS,4
42004012162P8,RS,A
42004012011P0,RS,6
42004012027P3,RS,4
42004012010P3,RS,4
42004012024P4,RS,3
42004012157P4,RS,3
42004012156P8,RS,4
42004012005P0,RS,7
42004012028P0,RS,3
42004012021P5,RS,4
42004012013P2,RS,5
42004012158P0,RS,4
42004012014P9,RS,4
42004012008P9,RS,5
42004012022P1,RS,4
42004012026P7,RS,3
42004012001P4,RS,6
42004012160P5,RS,3
42004012015P5,RS,4
42004012009P5,RS,5
42005019002P7,RS,6
42005019012P2,RS,4
42005019005P6,RS,5
42005019001P0,RS,6
42005019025P7,RS,6
42005019021P1,RS,7
42005019031P7,RS,5
42005019026P3,RS,6
42005019013P9,RS,6
42005019027P0,RS,5
42005019020P5,RS,7
42005019023P4,RS,5
42005019006P2,RS,7
42005019029P2,RS,6
42005019004P0,RS,7
42005019014P5,RS,6
42005019009P1,RS,7
42005019030P0,RS,6
42005019016P8,RS,7
42005019008P5,RS,7
42005019022P8,RS,5
42005019017P4,RS,6
42006015005P2,RS,5
42006015004P6,RS,5
42006015009P8,RS,3
42006015008P1,RS,4
42007011025P0,RS,4
42007011032P6,RS,4
42007011001P3,RS,5
42007011012P5,RS,5
42007011002P0,RS,5
42007011003P6,RS,6
42007011011P9,RS,5
42007011013P1,RS,6
42007011005P9,RS,6
42007011026P6,RS,3
42007011006P5,RS,5
42007011018P3,RS,5
42007011009P4,RS,4
42007011021P4,RS,5
42007011014P8,RS,4
42007011004P2,RS,7
42007011033P2,RS,3
42007011024P3,RS,5
42007011008P8,RS,4
42007011010P2,RS,6
42007011015P4,RS,4
42007011027P2,RS,4
42007011016P0,RS,5
42007011031P0,RS,3
42007011007P1,RS,7
42007011023P7,RS,4
42008018034P5,RS,4
42008018009P0,RS,4
42008018010P9,RS,4
42008018005P5,RS,4
42008018001P0,RS,5
42008018007P8,RS,5
42008018037P4,RS,3
42008018004P9,RS,4
42008018036P8,RS,3
42008018003P2,RS,4
42008018006P1,RS,6
42008018011P5,RS,4
42008018014P4,RS,3
42008018015P0,RS,5
42008018035P1,RS,3
42008018013P8,RS,3
42008018016P7,RS,4
42008018008P4,RS,5
42009014001P6,RS,4
42009014004P5,RS,5
42009014012P8,RS,4
42009014002P2,RS,5
42009014013P4,RS,3
42009014014P0,RS,4
42009014009P7,RS,4
42009014003P9,RS,4
42009014015P7,RS,3
42009014007P4,RS,5
42009014006P8,RS,5
42009014005P1,RS,5
42009014008P0,RS,3
42009014010P5,RS,4
42009014011P1,RS,4
42010012004P0,RS,3
42010012006P2,RS,5
42010012008P5,RS,4
42010012007P9,RS,3
42010012003P3,RS,4
42010012001P0,RS,4
42014018001P6,RS,5
42014018004P5,RS,4
42014018003P9,RS,5
42014018002P2,RS,5
42014018170P2,RS,4
42014018171P9,RS,3
42015014014P7,RS,3
42015014006P4,RS,5
42015014015P3,RS,3
42015014011P8,RS,3
42015014013P0,RS,3
42015014008P7,RS,4
42015014009P3,RS,4
42015014012P4,RS,4
42015014004P1,RS,3
42015014002P9,RS,4
42015014010P1,RS,5
42016010002P5,RS,4
42016010001P9,RS,5
42018013002P8,RS,5
42018013003P4,RS,4
42019010005P7,RS,5
42019010015P2,RS,3
42019010013P0,RS,4
42019010009P2,RS,4
42019010001P1,RS,5
42020018007P0,RS,4
42020018004P1,RS,4
42020018001P2,RS,6
42020018009P3,RS,4
42020018006P4,RS,5
42020018005P8,RS,5
42020018002P9,RS,5
42020018003P5,RS,4
42020018008P7,RS,4
42021014005P4,RS,4
42021014006P0,RS,5
42021014003P1,RS,5
42021014004P8,RS,4
42021014001P9,RS,5
42023017002P8,RS,4
42023017001P1,RS,4
42024013003P0,RS,5
42024013002P4,RS,5
42024013005P3,RS,3
42024013004P7,RS,4
42024013001P8,RS,4
42033012075P7,RS,3
42033012001P3,RS,4
42033012002P0,RS,4
42037018003P1,RS,4
42037018002P5,RS,4
42037018001P9,RS,3
42039010006P3,RS,4
42039010001P1,RS,4
42039010004P0,RS,4
42039010003P4,RS,4
42039010005P7,RS,3
42039010002P8,RS,5
42041015006P4,RS,5
42041015012P4,RS,3
42041015004P1,RS,5
42041015001P2,RS,6
42041015011P8,RS,3
42041015007P0,RS,5
42041015003P5,RS,5
42041015010P1,RS,4
42041015009P3,RS,3
42043018003P8,RS,3
42044014003P4,RS,A
42044014002P8,RS,4
42044014001P1,RS,4
42045010003P0,RS,3
42045010004P7,RS,3
42045010002P4,RS,4
42045010001P8,RS,3
42046017012P6,RS,4
42046017016P1,RS,3
42046017007P2,RS,4
42046017008P9,RS,4
42046017002P0,RS,5
42046017009P5,RS,3
42046017014P9,RS,4
42046017005P0,RS,4
42046017018P4,RS,3
42046017003P7,RS,4
42046017011P0,RS,4
42046017006P6,RS,4
42046017017P8,RS,3
42046017013P2,RS,3
42046017015P5,RS,4
42046017004P3,RS,4
42046017010P3,RS,4
42051010007P2,RS,A
42051010001P4,RS,4
42051010005P0,RS,4
42051010003P7,RS,4
42051010006P6,RS,4
42051010002P0,RS,4
42051010004P3,RS,3
42057019001P2,RS,4
42070007001P6,SC,4
42070007002P2,SC,4
43001009001P2,RS,4
43002005001P9,RS,4
43043003001P2,RS,4
43028004001P0,RS,3
50001019037P2,MT,3
50001019173P3,MT,3
50001019018P8,MT,3
50001019015P9,MT,4
50001019027P7,MT,4
50001019175P6,MT,3
50001019024P8,MT,4
50001019012P0,MT,4
50001019101P2,MT,3
50001019034P3,MT,3
50001019172P7,MT,3
50001019011P3,MT,3
50001019176P2,MT,A
50001019010P7,MT,4
50001019023P1,MT,4
50001019003P0,MT,5
50001019009P9,MT,5
50001019174P0,MT,3
50001019033P7,MT,4
50001019001P8,MT,5
50001019007P6,MT,4
50001019002P4,MT,5
50001019171P0,MT,3
50001019039P5,MT,4
50001019026P0,MT,4
50001019005P3,MT,4
50001019032P0,MT,3
50001019030P8,MT,3
50001019013P6,MT,4
50001019029P0,MT,3
50001019038P9,MT,4
50001019006P0,MT,4
50001019035P0,MT,3
50001019025P4,MT,4
50001019177P9,MT,A
50001019008P2,MT,5
50001019019P4,MT,4
50001019016P5,MT,4
50001019036P6,MT,3
50001019020P2,MT,5
50001019102P9,MT,4
50001019014P2,MT,4
50001019031P4,MT,4
50001019017P1,MT,5
50002015006P6,MT,4
50002015101P9,MT,4
50002015007P2,MT,4
50002015157P4,MT,3
50002015004P3,MT,4
50002015005P0,MT,4
50002015001P4,MT,4
50002015102P5,MT,4
50002015156P8,MT,4
50002015002P0,MT,5
50002015008P9,MT,4
50002015003P7,MT,4
50005014002P0,MT,3
50005014001P3,MT,3
50008013001P2,MT,4
50008013004P1,MT,4
50008013006P4,MT,4
50008013005P8,MT,3
50008013003P5,MT,4
50008013002P9,MT,4
50014013001P9,MT,3
51001012039P8,MS,3
51001012038P1,MS,3
51001012022P8,MS,4
51001012023P4,MS,4
51001012176P5,MS,3
51001012020P5,MS,4
51001012037P5,MS,4
51001012031P7,MS,4
51001012170P7,MS,4
51001012178P8,MS,3
51001012010P0,MS,5
51001012179P4,MS,3
51001012025P7,MS,4
51001012021P1,MS,5
51001012029P2,MS,4
51001012040P6,MS,4
51001012101P5,MS,4
51001012018P0,MS,4
51001012011P6,MS,5
51001012035P2,MS,4
51001012012P2,MS,4
51001012032P3,MS,4
51001012024P0,MS,6
51001012171P3,MS,4
51001012027P0,MS,4
51001012007P9,MS,5
51001012005P6,MS,6
51001012026P3,MS,4
51001012034P6,MS,4
51001012177P1,MS,4
51001012175P9,MS,3
51001012030P0,MS,4
51001012019P7,MS,5
51001012173P6,MS,3
51001012001P0,MS,4
51001012013P9,MS,4
51001012174P2,MS,3
51001012036P9,MS,3
51001012180P2,MS,3
51001012028P6,MS,4
51002019006P9,MS,5
51002019005P2,MS,5
51002019004P6,MS,4
51002019003P0,MS,5
51002019002P3,MS,5
51003015002P0,MS,4
51003015003P6,MS,3
51003015004P2,MS,4
51003015001P3,MS,4
51004011009P0,MS,4
51004011006P1,MS,4
51004011010P9,MS,3
51004011001P0,MS,4
51004011004P9,MS,3
51004011002P6,MS,5
51004011003P2,MS,3
51004011070P1,MS,4
51004011007P8,MS,3
51004011005P5,MS,3
51005018014P0,MS,3
51005018006P8,MS,4
51005018012P8,MS,4
51005018003P9,MS,4
51005018170P2,MS,4
51005018011P1,MS,4
51005018004P5,MS,5
51005018175P4,MS,A
51005018002P2,MS,4
51005018010P5,MS,4
51005018174P8,MS,3
51005018005P1,MS,5
51005018173P1,MS,3
51005018171P9,MS,3
51005018101P0,MS,3
51005018015P7,MS,4
51005018009P7,MS,4
51005018013P4,MS,4
51005018001P6,MS,5
51005018008P0,MS,4
51005018007P4,MS,4
51020009001P2,MT,3
52001016027P2,GO,4
52001016057P9,GO,4
52001016107P6,GO,4
52001016041P5,GO,4
52001016043P8,GO,5
52001016068P0,GO,4
52001016034P9,GO,4
52001016014P8,GO,5
52001016019P0,GO,6
52001016002P0,GO,6
52001016051P0,GO,4
52001016029P5,GO,4
53001010100P8,GO,4
52001016064P5,GO,4
52001016006P5,GO,5
52001016058P5,GO,4
52001016069P7,GO,3
52001016023P7,GO,5
52001016005P9,GO,5
52001016018P3,GO,4
52001016039P0,GO,4
52001016060P0,GO,4
52001016025P0,GO,5
52001016011P9,GO,5
52001016037P8,GO,4
52001016048P0,GO,4
52001016001P3,GO,5
52001016036P1,GO,4
52001016012P5,GO,6
52001016109P9,GO,3
52001016032P6,GO,4
52001016053P3,GO,5
52001016047P3,GO,5
52001016108P2,GO,3
52001016003P6,GO,6
52001016065P1,GO,4
52001016031P0,GO,4
52001016007P1,GO,5
52001016026P6,GO,7
52001016062P2,GO,4
52001016071P1,GO,3
52001016009P4,GO,6
52001016070P5,GO,4
52001016101P8,GO,3
52001016056P2,GO,4
52001016046P7,GO,4
52001016110P7,GO,3
52001016004P2,GO,6
52001016055P6,GO,4
52001016113P6,GO,A
52001016072P8,GO,3
52001016102P4,GO,3
52001016024P3,GO,4
52001016104P7,GO,4
52001016020P8,GO,4
52001016044P4,GO,4
52001016022P0,GO,6
52002012001P0,GO,4
52002012016P7,GO,3
52002012013P8,GO,4
52002012007P8,GO,4
52002012004P9,GO,4
52002012008P4,GO,4
52002012010P9,GO,4
52002012011P5,GO,3
52002012006P1,GO,5
52002012002P6,GO,5
52002012015P0,GO,3
52004015002P9,GO,A
52004015001P2,GO,4
52005011004P8,GO,A
52005011002P5,GO,4
52005011001P9,GO,2
52005011003P1,GO,A
52006018004P4,GO,4
52006018003P8,GO,3
52006018002P1,GO,3
52006018001P5,GO,4
52010015101P3,GO,4
52010015105P9,GO,4
52010015104P2,GO,4
52010015003P1,GO,5
52010015002P5,GO,3
52010015108P8,GO,3
52010015107P1,GO,4
52010015102P0,GO,4
52010015106P5,GO,4
52010015103P6,GO,4
52010015005P4,GO,4
52010015004P8,GO,5
52012018009P2,GO,4
52012018001P1,GO,3
52012018004P0,GO,4
52012018014P6,GO,3
52012018013P0,GO,3
52012018173P7,GO,A
52012018003P4,GO,4
52012018010P0,GO,3
52012018174P3,GO,3
52012018005P7,GO,5
52012018006P3,GO,4
52012018011P7,GO,4
52012018007P0,GO,4
52012018012P3,GO,3
52012018008P6,GO,4
52012018002P8,GO,4
52016013003P0,GO,3
52016013001P7,GO,3
52016013002P3,GO,3
52045005001P0,GO,3
52059006007P6,GO,3
52059006002P4,GO,4
52059006009P9,GO,3
52059006004P7,GO,3
52059006008P2,GO,3
52059006003P0,GO,3
52059006010P7,GO,4
52059006001P8,GO,4
51005018172P5,GO,4
52059006005P3,GO,4
52059006006P0,GO,4
52060004002P9,GO,4
52060004003P5,GO,4
52060004006P4,GO,3
52060004001P2,GO,3
52060004005P8,GO,4
52060004004P1,GO,4
53001010003P2,DF,7
53001010078P2,DF,4
53001010093P1,DF,4
53001010106P6,DF,5
53001010057P5,DF,4
53001010021P0,DF,5
53001010084P2,DF,3
53001010053P0,DF,5
53001010096P0,DF,4
53001010009P0,DF,7
53001010086P5,DF,3
53001010115P5,DF,A
53001010049P2,DF,5
53001010089P4,DF,4
53001010101P4,DF,4
53001010052P3,DF,4
53001010063P5,DF,4
53001010067P0,DF,6
53001010019P6,DF,5
53001010025P6,DF,6
53001010110P3,DF,4
53001010001P0,DF,5
53001010108P9,DF,4
53001010048P6,DF,5
53001010006P1,DF,7
53001010111P0,DF,3
53001010015P0,DF,5
53001010109P5,DF,5
53001010042P8,DF,5
53001010005P5,DF,6
53001010029P1,DF,4
53001010062P9,DF,5
53001010113P2,DF,3
53001010031P6,DF,6
53001010023P3,DF,5
53001010105P0,DF,5
53001010043P4,DF,5
53001010066P4,DF,5
53001010035P1,DF,6
53001010032P2,DF,6
53001010012P1,DF,6
53001010114P9,DF,A
53001010058P1,DF,4
53001010095P4,DF,5
53001010051P7,DF,5
53001010036P8,DF,5
53001010022P7,DF,5
53001010091P9,DF,4
53001010010P9,DF,7
53001010081P3,DF,3
53001010090P2,DF,4
53001010017P3,DF,7
53001010099P0,DF,4
53001010002P6,DF,5
53001010085P9,DF,5
53001010070P1,DF,4
53001010075P3,DF,4
53001010030P0,DF,3
53001010094P8,DF,4
53001010040P5,DF,5
53001010065P8,DF,6
53001010008P4,DF,6
53001010044P0,DF,7
53001010054P6,DF,5
53001010102P0,DF,3
53001010055P2,DF,4
53001010018P0,DF,5
53001010074P7,DF,4
53001010026P2,DF,7
53001010045P7,DF,5
53001010087P1,DF,3
53001010068P7,DF,4
53001010083P6,DF,3
53001010016P7,DF,5
53001010047P0,DF,5
53001010046P3,DF,4
53001010011P5,DF,5
53001010082P0,DF,4
53001010076P0,DF,5
53001010098P3,DF,4
53001010080P7,DF,5
53001010064P1,DF,5
53001010112P6,DF,4
53001010007P8,DF,6
53001010059P8,DF,3
53001010071P8,DF,4
53001010103P7,DF,5
53001010088P8,DF,5
53001010041P1,DF,3
53001010092P5,DF,4
53001010107P2,DF,3
53003012004P8,DF,6
53003012013P7,DF,3
53003012010P8,DF,4
53003012007P7,DF,5
53003012002P5,DF,5
53003012005P4,DF,7
53003012008P3,DF,5
53003012009P0,DF,4
53003012006P0,DF,4
53003012001P9,DF,4
53005015003P4,DF,3
53005015001P1,DF,5
53005015002P8,DF,4
53012011001P4,DF,4
53013018002P7,DF,3
53013018003P3,DF,A
53013018001P0,DF,3
53019016003P1,DF,3
53019016001P9,DF,5
53019016002P5,DF,4
53019016004P8,DF,3
53022017001P6,DF,4
53023013002P9,DF,3
53023013001P2,DF,3
53029011002P7,DF,3
53032012001P8,DF,4
53037014001P0,DF,5
53044002001P7,DF,4
53045009001P3,DF,3
53062000001P8,DF,A
53062000002P4,DF,A
53069005001P2,DF,3
