cod_ibge,pop_quilombola
1100015,115
1100023,0
1100031,6
1100049,0
1100056,37
1100064,0
1100072,12
1100080,1345
1100098,0
1100106,494
1100114,0
1100122,0
1100130,0
1100148,0
1100155,0
1100189,0
1100205,95
1100254,0
1100262,0
1100288,0
1100296,0
1100304,0
1100320,31
1100338,16
1100346,0
1100379,0
1100403,0
1100452,0
1100502,0
1100601,0
1100700,0
1100809,0
1100908,0
1100924,0
1100940,0
1101005,0
1101104,0
1101203,0
1101302,0
1101401,0
1101435,0
1101450,0
1101468,518
1101476,0
1101484,0
1101492,248
1101500,8
1101559,0
1101609,0
1101708,0
1101757,0
1101807,0
1200013,0
1200054,0
1200104,0
1200138,0
1200179,0
1200203,0
1200252,0
1200302,0
1200328,0
1200336,0
1200344,0
1200351,0
1200385,0
1200393,0
1200401,0
1200427,0
1200435,0
1200450,0
1200500,0
1200609,0
1200708,0
1200807,0
1300029,72
1300060,0
1300086,0
1300102,0
1300144,0
1300201,0
1300300,0
1300409,83
1300508,1891
1300607,0
1300631,0
1300680,0
1300706,0
1300805,0
1300839,0
1300904,0
1301001,0
1301100,0
1301159,0
1301209,0
1301308,0
1301407,0
1301506,0
1301605,0
1301654,0
1301704,0
1301803,0
1301852,0
1301902,352
1301951,0
1302009,0
1302108,0
1302207,0
1302306,0
1302405,0
1302504,4
1302553,0
1302603,214
1302702,0
1302801,0
1302900,0
1303007,0
1303106,0
1303205,196
1303304,0
1303403,0
1303502,0
1303536,0
1303569,0
1303601,0
1303700,0
1303809,0
1303908,0
1303957,0
1304005,0
1304062,0
1304104,0
1304203,0
1304237,0
1304260,0
1304302,0
1304401,0
1400027,0
1400050,0
1400100,0
1400159,0
1400175,0
1400209,0
1400233,0
1400282,0
1400308,0
1400407,0
1400456,0
1400472,0
1400506,0
1400605,0
1400704,0
1500107,14526
1500131,0
1500206,4507
1500305,0
1500347,0
1500404,1806
1500503,1
1500602,0
1500701,0
1500800,362
1500859,0
1500909,145
1500958,1318
1501006,0
1501105,869
1501204,12857
1501253,0
1501303,5438
1501402,1361
1501451,0
1501501,0
1501576,0
1501600,136
1501709,708
1501725,0
1501758,50
1501782,722
1501808,0
1501907,2451
1501956,1030
1502004,877
1502103,10135
1502152,0
1502202,13
1502301,125
1502400,847
1502509,0
1502608,599
1502707,0
1502756,4014
1502764,0
1502772,0
1502806,1738
1502855,223
1502905,0
1502939,0
1502954,0
1503002,0
1503044,0
1503077,623
1503093,0
1503101,3472
1503200,388
1503309,559
1503408,1246
1503457,439
1503507,2583
1503606,0
1503705,0
1503754,0
1503804,0
1503903,4
1504000,56
1504059,0
1504109,287
1504208,0
1504307,7
1504406,0
1504422,0
1504455,0
1504505,0
1504604,4936
1504703,6250
1504752,0
1504802,572
1504901,0
1504950,0
1504976,0
1505007,53
1505031,0
1505064,0
1505106,6815
1505205,3500
1505304,9451
1505403,1820
1505437,0
1505486,0
1505494,0
1505502,0
1505536,0
1505551,0
1505601,0
1505635,0
1505650,0
1505700,1705
1505809,599
1505908,487
1506005,126
1506104,3
1506112,9
1506138,0
1506161,0
1506187,0
1506195,0
1506203,0
1506302,7437
1506351,354
1506401,0
1506500,2243
1506559,1243
1506583,2
1506609,123
1506708,0
1506807,4363
1506906,0
1507003,74
1507102,0
1507151,0
1507201,467
1507300,0
1507409,0
1507458,0
1507466,0
1507474,0
1507508,0
1507607,2503
1507706,0
1507755,0
1507805,0
1507904,23
1507953,0
1507961,0
1507979,0
1508001,332
1508035,1816
1508050,0
1508084,0
1508100,0
1508126,0
1508159,0
1508209,20
1508308,1583
1508357,172
1508407,0
1600055,0
1600105,0
1600154,0
1600204,58
1600212,0
1600238,82
1600253,105
1600279,345
1600303,9110
1600402,1483
1600501,146
1600535,142
1600550,0
1600600,1176
1600709,58
1600808,189
1700251,0
1700301,0
1700350,0
1700400,136
1700707,0
1701002,0
1701051,0
1701101,0
1701309,829
1701903,0
1702000,0
1702109,30
1702158,0
1702208,81
1702307,0
1702406,1572
1702554,0
1702703,0
1702901,0
1703008,0
1703057,0
1703073,0
1703107,0
1703206,0
1703305,0
1703602,0
1703701,1022
1703800,0
1703826,0
1703842,0
1703867,0
1703883,0
1703891,0
1703909,0
1704105,0
1704600,0
1705102,1304
1705508,0
1705557,0
1705607,92
1706001,0
1706100,0
1706258,0
1706506,0
1707009,48
1707108,0
1707207,50
1707306,0
1707405,127
1707553,0
1707652,0
1707702,111
1708205,0
1708254,0
1708304,0
1709005,0
1709302,0
1709500,0
1709807,95
1710508,0
1710706,0
1710904,0
1711100,0
1711506,73
1711803,0
1711902,0
1711951,320
1712009,0
1712157,0
1712405,0
1712454,0
1712504,0
1712702,1190
1712801,0
1713205,0
1713304,0
1713601,385
1713700,0
1713809,0
1713957,907
1714203,967
1714302,0
1714880,0
1715002,0
1715101,32
1715150,61
1715259,0
1715507,0
1715705,0
1715754,0
1716109,0
1716208,778
1716307,0
1716505,0
1716604,0
1716653,0
1716703,0
1717008,15
1717206,0
1717503,0
1717800,0
1717909,113
1718006,325
1718204,104
1718303,0
1718402,0
1718451,0
1718501,0
1718550,0
1718659,0
1718709,0
1718758,0
1718808,0
1718840,0
1718865,671
1718881,0
1718899,0
1718907,364
1719004,569
1720002,0
1720101,0
1720150,682
1720200,0
1720259,14
1720309,0
1720499,0
1720655,0
1720804,0
1720853,0
1720903,4
1720937,0
1720978,0
1721000,6
1721109,0
1721208,0
1721257,0
1721307,0
1722081,0
1722107,0
2100055,0
2100105,0
2100154,0
2100204,15608
2100303,158
2100402,0
2100436,125
2100477,0
2100501,200
2100550,0
2100600,0
2100709,6915
2100808,2
2100832,2100
2100873,16
2100907,0
2100956,0
2101004,1791
2101103,3588
2101202,2926
2101251,390
2101301,3809
2101350,2338
2101400,0
2101509,3
2101608,0
2101707,2720
2101731,0
2101772,1
2101806,0
2101905,4475
2101939,0
2101970,591
2102002,0
2102036,0
2102077,0
2102101,6045
2102150,0
2102200,430
2102309,0
2102325,0
2102358,0
2102374,511
2102408,2764
2102507,6379
2102556,0
2102606,1879
2102705,1193
2102754,1422
2102804,0
2102903,0
2103000,1479
2103109,2268
2103125,3433
2103158,0
2103174,73
2103208,204
2103257,0
2103307,2940
2103406,296
2103505,1108
2103554,0
2103604,161
2103703,6578
2103752,0
2103802,106
2103901,0
2104008,0
2104057,0
2104073,0
2104081,473
2104099,0
2104107,0
2104206,14
2104305,0
2104404,4
2104503,0
2104552,0
2104602,0
2104628,0
2104651,0
2104677,0
2104701,0
2104800,50
2104909,3170
2105005,222
2105104,5898
2105153,519
2105203,160
2105302,0
2105351,0
2105401,14511
2105427,0
2105450,0
2105476,0
2105500,0
2105609,0
2105658,0
2105708,0
2105807,0
2105906,0
2105922,0
2105948,0
2105963,0
2105989,0
2106003,1616
2106102,0
2106201,0
2106300,0
2106326,0
2106359,0
2106375,0
2106409,3490
2106508,6221
2106607,1855
2106631,229
2106672,0
2106706,0
2106755,187
2106805,6530
2106904,4720
2107001,0
2107100,37
2107209,617
2107258,0
2107308,0
2107357,167
2107407,0
2107456,3528
2107506,0
2107605,1748
2107704,0
2107803,971
2107902,1
2108009,372
2108058,135
2108108,0
2108207,151
2108256,3903
2108306,9269
2108405,1802
2108454,927
2108504,702
2108603,10606
2108702,0
2108801,1419
2108900,0
2109007,0
2109056,1600
2109106,1
2109205,3746
2109239,1
2109270,2990
2109304,2215
2109403,281
2109452,0
2109502,0
2109551,0
2109601,4368
2109700,0
2109759,0
2109809,6210
2109908,1192
2110005,0
2110039,0
2110104,764
2110203,10236
2110237,0
2110278,0
2110302,11
2110401,85
2110500,6302
2110609,0
2110658,180
2110708,0
2110807,0
2110856,0
2110906,0
2111003,5185
2111029,0
2111052,0
2111078,1010
2111102,0
2111201,1453
2111250,0
2111300,8294
2111409,3047
2111508,586
2111532,0
2111573,0
2111607,0
2111631,0
2111672,0
2111706,9255
2111722,178
2111748,42
2111763,0
2111789,5687
2111805,0
2111904,0
2111953,0
2112001,0
2112100,55
2112209,423
2112233,82
2112274,0
2112308,0
2112407,4332
2112456,1793
2112506,226
2112605,0
2112704,1747
2112803,9964
2112852,0
2112902,2374
2113009,0
2114007,4
2200053,423
2200103,0
2200202,0
2200251,0
2200277,0
2200301,0
2200400,489
2200459,0
2200509,944
2200608,0
2200707,0
2200806,0
2200905,0
2200954,5
2201002,0
2201051,532
2201101,0
2201150,0
2201176,0
2201200,0
2201309,51
2201408,0
2201507,599
2201556,310
2201572,94
2201606,0
2201705,0
2201739,569
2201770,0
2201804,0
2201903,4
2201919,0
2201929,230
2201945,0
2201960,0
2201988,0
2202000,0
2202026,16
2202059,0
2202075,0
2202083,0
2202091,8
2202109,1024
2202117,389
2202133,123
2202174,945
2202208,0
2202251,0
2202307,0
2202406,0
2202455,0
2202505,0
2202539,0
2202554,363
2202604,0
2202653,0
2202703,0
2202711,0
2202729,0
2202737,0
2202752,0
2202778,741
2202802,89
2202851,0
2202901,0
2203008,0
2203107,0
2203206,0
2203230,0
2203255,0
2203271,295
2203305,0
2203354,36
2203404,0
2203420,0
2203453,369
2203503,0
2203602,0
2203701,1208
2203750,1952
2203800,0
2203859,8
2203909,52
2204006,0
2204105,0
2204154,0
2204204,0
2204303,0
2204352,0
2204402,371
2204501,6
2204550,0
2204600,0
2204659,0
2204709,0
2204808,0
2204907,2149
2205003,11
2205102,0
2205151,218
2205201,6
2205250,0
2205276,0
2205300,93
2205359,130
2205409,0
2205458,0
2205508,0
2205516,0
2205524,23
2205532,0
2205540,0
2205557,0
2205565,91
2205573,0
2205581,3
2205599,0
2205607,0
2205706,0
2205805,0
2205854,0
2205904,0
2205953,0
2206001,0
2206050,0
2206100,190
2206209,0
2206308,0
2206357,0
2206407,0
2206506,53
2206605,0
2206654,0
2206670,9
2206696,0
2206704,0
2206720,0
2206753,0
2206803,0
2206902,0
2206951,0
2207009,513
2207108,0
2207207,0
2207306,0
2207355,0
2207405,0
2207504,163
2207553,397
2207603,0
2207702,0
2207751,0
2207777,84
2207793,0
2207801,1615
2207850,0
2207900,0
2207934,186
2207959,41
2208007,34
2208106,135
2208205,66
2208304,0
2208403,844
2208502,16
2208551,0
2208601,0
2208650,1008
2208700,601
2208809,194
2208858,0
2208874,9
2208908,0
2209005,0
2209104,528
2209153,0
2209203,0
2209302,0
2209351,0
2209377,14
2209401,0
2209450,0
2209500,2
2209559,0
2209609,0
2209658,41
2209708,0
2209757,0
2209807,0
2209856,7
2209872,0
2209906,0
2209955,1178
2209971,18
2210003,2152
2210052,0
2210102,0
2210201,863
2210300,0
2210359,394
2210375,0
2210383,0
2210391,0
2210409,206
2210508,0
2210607,2384
2210623,0
2210631,0
2210656,0
2210706,753
2210805,378
2210904,0
2210938,0
2210953,0
2210979,0
2211001,7
2211100,0
2211209,0
2211308,170
2211357,1390
2211407,0
2211506,101
2211605,0
2211704,73
2300101,0
2300150,0
2300200,245
2300309,0
2300408,0
2300507,0
2300606,171
2300705,0
2300754,0
2300804,0
2300903,0
2301000,424
2301109,1016
2301208,0
2301257,0
2301307,311
2301406,0
2301505,0
2301604,0
2301703,45
2301802,0
2301851,0
2301901,0
2301950,0
2302008,0
2302057,0
2302107,488
2302206,155
2302305,273
2302404,61
2302503,0
2302602,0
2302701,0
2302800,123
2302909,0
2303006,0
2303105,0
2303204,0
2303303,0
2303402,609
2303501,24
2303600,0
2303659,0
2303709,2615
2303808,0
2303907,0
2303931,0
2303956,0
2304004,68
2304103,194
2304202,0
2304236,84
2304251,25
2304269,0
2304277,0
2304285,4
2304301,0
2304350,0
2304400,39
2304459,5
2304509,0
2304608,0
2304657,0
2304707,0
2304806,0
2304905,0
2304954,0
2305001,2
2305100,0
2305209,0
2305233,2290
2305266,0
2305308,0
2305332,0
2305357,0
2305407,1
2305506,0
2305605,33
2305654,0
2305704,0
2305803,0
2305902,581
2306009,243
2306108,0
2306207,0
2306256,53
2306306,0
2306405,211
2306504,0
2306553,0
2306603,0
2306702,0
2306801,0
2306900,0
2307007,0
2307106,640
2307205,0
2307254,0
2307304,9
2307403,0
2307502,0
2307601,0
2307635,0
2307650,60
2307700,0
2307809,12
2307908,0
2308005,0
2308104,54
2308203,0
2308302,0
2308351,142
2308377,0
2308401,28
2308500,0
2308609,19
2308708,0
2308807,741
2308906,680
2309003,75
2309102,0
2309201,0
2309300,21
2309409,1053
2309458,88
2309508,0
2309607,568
2309706,18
2309805,0
2309904,230
2310001,0
2310100,0
2310209,0
2310258,0
2310308,359
2310407,0
2310506,0
2310605,0
2310704,0
2310803,14
2310852,0
2310902,0
2310951,0
2311009,234
2311108,667
2311207,450
2311231,0
2311264,804
2311306,238
2311355,0
2311405,145
2311504,0
2311603,7
2311702,0
2311801,257
2311900,0
2311959,1804
2312007,0
2312106,0
2312205,0
2312304,302
2312403,2
2312502,0
2312601,0
2312700,0
2312809,0
2312908,50
2313005,39
2313104,0
2313203,979
2313252,0
2313302,1075
2313351,0
2313401,26
2313500,100
2313559,1431
2313609,0
2313708,0
2313757,14
2313807,166
2313906,0
2313955,0
2314003,0
2314102,0
2400109,172
2400208,753
2400307,237
2400406,0
2400505,0
2400604,0
2400703,0
2400802,45
2400901,0
2401008,0
2401107,0
2401206,955
2401305,0
2401404,0
2401453,189
2401503,0
2401602,7
2401651,1
2401701,970
2401800,0
2401859,0
2401909,0
2402006,15
2402105,0
2402204,4
2402303,0
2402402,31
2402501,0
2402600,2071
2402709,16
2402808,0
2402907,200
2403004,0
2403103,351
2403202,0
2403251,1142
2403301,0
2403400,0
2403509,0
2403608,0
2403707,0
2403756,0
2403806,0
2403905,0
2404002,0
2404101,0
2404200,0
2404309,0
2404408,0
2404507,0
2404606,889
2404705,817
2404804,72
2404853,0
2404903,0
2405009,0
2405108,0
2405207,0
2405306,3
2405405,0
2405504,0
2405603,0
2405702,0
2405801,63
2405900,0
2406007,0
2406106,0
2406155,545
2406205,0
2406304,0
2406403,0
2406502,1345
2406601,0
2406700,0
2406809,0
2406908,0
2407005,1121
2407104,1454
2407203,0
2407252,0
2407302,0
2407401,0
2407500,0
2407609,0
2407708,0
2407807,31
2407906,0
2408003,63
2408102,1139
2408201,0
2408300,0
2408409,0
2408508,35
2408607,0
2408706,0
2408805,0
2408904,356
2408953,0
2409100,0
2409209,0
2409308,208
2409332,8
2409407,76
2409506,0
2409605,0
2409704,200
2409803,27
2409902,0
2410009,0
2410108,510
2410207,1399
2410256,0
2410306,0
2410405,1
2410504,0
2410603,0
2410702,0
2410801,0
2410900,0
2411007,0
2411056,0
2411106,0
2411205,265
2411403,169
2411429,0
2411502,812
2411601,0
2411700,0
2411809,0
2411908,0
2412005,0
2412104,0
2412203,133
2412302,0
2412401,0
2412500,337
2412559,138
2412609,0
2412708,0
2412807,0
2412906,447
2413003,0
2413102,0
2413201,1
2413300,0
2413359,0
2413409,0
2413508,0
2413557,0
2413607,0
2413706,0
2413805,0
2413904,285
2414001,0
2414100,0
2414159,19
2414209,903
2414308,0
2414407,1302
2414456,0
2414506,0
2414605,0
2414704,0
2414753,0
2414803,36
2414902,0
2415008,3
2500106,0
2500205,4
2500304,946
2500403,0
2500502,0
2500536,0
2500577,0
2500601,45
2500700,0
2500734,0
2500775,0
2500809,0
2500908,0
2501005,0
2501104,234
2501153,0
2501203,0
2501302,0
2501351,0
2501401,0
2501500,0
2501534,0
2501575,0
2501609,0
2501708,0
2501807,0
2501906,0
2502003,21
2502052,0
2502102,0
2502151,127
2502201,0
2502300,0
2502409,0
2502508,0
2502607,0
2502706,0
2502805,0
2502904,0
2503001,1
2503100,0
2503209,0
2503308,62
2503407,38
2503506,0
2503555,1698
2503605,0
2503704,0
2503753,122
2503803,0
2503902,114
2504009,0
2504033,0
2504074,0
2504108,0
2504157,0
2504207,0
2504306,447
2504355,0
2504405,0
2504504,0
2504603,3008
2504702,0
2504801,437
2504850,0
2504900,0
2505006,0
2505105,0
2505204,0
2505238,0
2505279,0
2505303,2
2505352,0
2505402,36
2505501,0
2505600,592
2505709,814
2505808,0
2505907,0
2506004,0
2506103,0
2506202,0
2506251,0
2506301,3
2506400,0
2506509,0
2506608,0
2506707,0
2506806,370
2506905,0
2507002,0
2507101,0
2507200,0
2507309,0
2507408,0
2507507,2260
2507606,0
2507705,0
2507804,0
2507903,0
2508000,6
2508109,0
2508208,0
2508307,0
2508406,0
2508505,442
2508554,0
2508604,0
2508703,0
2508802,0
2508901,0
2509008,217
2509057,0
2509107,0
2509156,0
2509206,2
2509305,0
2509339,14
2509370,0
2509396,11
2509404,171
2509503,0
2509602,0
2509701,0
2509800,0
2509909,0
2510006,0
2510105,0
2510204,0
2510303,19
2510402,0
2510501,0
2510600,0
2510659,0
2510709,0
2510808,0
2510907,0
2511004,41
2511103,0
2511202,13
2511301,0
2511400,30
2511509,0
2511608,0
2511707,0
2511806,0
2511905,56
2512002,0
2512036,0
2512077,0
2512101,167
2512200,0
2512309,23
2512408,0
2512507,0
2512606,0
2512705,0
2512721,0
2512747,20
2512754,412
2512762,0
2512788,0
2512804,9
2512903,0
2513000,0
2513109,0
2513158,0
2513208,0
2513307,0
2513356,0
2513406,1325
2513505,0
2513604,0
2513653,0
2513703,0
2513802,0
2513851,0
2513901,354
2513927,0
2513943,0
2513968,0
2513984,0
2514008,0
2514107,255
2514206,0
2514305,0
2514404,0
2514453,0
2514503,0
2514552,109
2514602,0
2514651,0
2514701,0
2514800,4
2514909,16
2515005,0
2515104,0
2515203,0
2515302,0
2515401,0
2515500,290
2515609,0
2515708,0
2515807,174
2515906,0
2515930,0
2515971,0
2516003,0
2516102,0
2516151,0
2516201,0
2516300,15
2516409,0
2516508,2
2516607,814
2516706,74
2516755,0
2516805,142
2516904,0
2517001,0
2517100,157
2517209,0
2517407,0
2600054,0
2600104,67
2600203,1036
2600302,955
2600401,0
2600500,2304
2600609,1819
2600708,0
2600807,558
2600906,0
2601003,330
2601052,0
2601102,134
2601201,4
2601300,0
2601409,0
2601508,22
2601607,48
2601706,20
2601805,2449
2601904,187
2602001,0
2602100,6477
2602209,0
2602308,0
2602407,1590
2602506,13
2602605,0
2602704,0
2602803,1637
2602902,996
2603009,1204
2603108,16
2603207,1752
2603306,13
2603405,4
2603454,10
2603504,0
2603603,0
2603702,0
2603801,1293
2603900,1175
2603926,267
2604007,23
2604106,142
2604155,0
2604205,0
2604304,0
2604403,25
2604502,5
2604601,0
2604700,2
2604809,0
2604908,141
2605004,553
2605103,7744
2605152,1
2605202,0
2605301,122
2605400,59
2605459,0
2605509,0
2605608,169
2605707,861
2605806,0
2605905,3
2606002,5938
2606101,105
2606200,2443
2606309,0
2606408,8
2606507,1052
2606606,6
2606705,0
2606804,3
2606903,213
2607000,1151
2607109,0
2607208,823
2607307,33
2607406,711
2607505,2888
2607604,0
2607653,0
2607703,2
2607752,0
2607802,0
2607901,10
2607950,0
2608008,0
2608057,0
2608107,933
2608206,0
2608255,111
2608305,90
2608404,0
2608453,265
2608503,157
2608602,2
2608701,619
2608750,168
2608800,166
2608909,3
2609006,0
2609105,0
2609154,3
2609204,0
2609303,3363
2609402,0
2609501,0
2609600,46
2609709,0
2609808,1764
2609907,20
2610004,20
2610103,13
2610202,387
2610301,26
2610400,0
2610509,755
2610608,0
2610707,10
2610806,27
2610905,310
2611002,104
2611101,897
2611200,0
2611309,251
2611408,0
2611507,7
2611533,320
2611606,118
2611705,46
2611804,0
2611903,865
2612000,0
2612109,0
2612208,1668
2612307,268
2612406,0
2612455,0
2612471,22
2612505,0
2612554,22
2612604,3622
2612703,0
2612802,47
2612901,131
2613008,2408
2613107,371
2613206,23
2613305,0
2613404,0
2613503,114
2613602,182
2613701,2
2613800,0
2613909,490
2614006,0
2614105,393
2614204,0
2614303,0
2614402,0
2614501,0
2614600,0
2614709,0
2614808,340
2614857,124
2615003,0
2615102,14
2615201,51
2615300,0
2615409,0
2615508,0
2615607,0
2615706,860
2615805,2375
2615904,0
2616001,37
2616100,3
2616183,0
2616209,0
2616308,1107
2616407,708
2616506,0
2700102,1908
2700201,163
2700300,2128
2700409,0
2700508,0
2700607,0
2700706,329
2700805,138
2700904,38
2701001,40
2701100,0
2701209,873
2701308,0
2701357,0
2701407,0
2701506,0
2701605,759
2701704,0
2701803,974
2701902,0
2702009,380
2702108,0
2702207,0
2702306,81
2702355,16
2702405,210
2702504,314
2702553,49
2702603,0
2702702,0
2702801,0
2702900,65
2703007,0
2703106,592
2703205,1809
2703304,183
2703403,1252
2703502,0
2703601,104
2703700,0
2703759,0
2703809,0
2703908,0
2704005,0
2704104,0
2704203,0
2704302,21
2704401,402
2704500,0
2704609,10
2704708,0
2704807,0
2704906,0
2705002,627
2705101,136
2705200,0
2705309,0
2705408,793
2705507,0
2705606,0
2705705,794
2705804,442
2705903,0
2706000,155
2706109,0
2706208,1372
2706307,476
2706406,762
2706422,798
2706448,0
2706505,1290
2706604,0
2706703,5280
2706802,114
2706901,0
2707008,0
2707107,464
2707206,1945
2707305,10
2707404,0
2707503,67
2707602,0
2707701,0
2707800,0
2707909,1057
2708006,967
2708105,529
2708204,14
2708303,0
2708402,1540
2708501,0
2708600,0
2708709,0
2708808,0
2708907,0
2708956,247
2709004,0
2709103,850
2709152,307
2709202,2938
2709301,561
2709400,351
2800100,338
2800209,992
2800308,991
2800407,41
2800506,3
2800605,487
2800670,0
2800704,2013
2801009,0
2801108,510
2801207,1004
2801306,1255
2801405,0
2801504,0
2801603,9
2801702,48
2801900,342
2802007,0
2802106,1489
2802205,0
2802304,411
2802403,2
2802502,0
2802601,0
2802700,776
2802809,1190
2802908,0
2803005,0
2803104,8
2803203,0
2803302,726
2803401,572
2803500,1174
2803609,3316
2803708,0
2803807,181
2803906,0
2804003,12
2804102,0
2804201,0
2804300,0
2804409,2
2804458,152
2804508,0
2804607,0
2804706,1
2804805,133
2804904,17
2805000,0
2805109,0
2805208,0
2805307,649
2805406,711
2805505,317
2805604,589
2805703,10
2805802,615
2805901,279
2806008,9
2806107,0
2806206,9
2806305,4647
2806404,0
2806503,0
2806602,0
2806701,236
2806800,0
2806909,42
2807006,0
2807105,1339
2807204,446
2807303,63
2807402,7
2807501,0
2807600,0
2900108,522
2900207,360
2900306,151
2900355,10
2900405,1086
2900504,555
2900603,0
2900702,4085
2900801,279
2900900,0
2901007,92
2901106,521
2901155,4727
2901205,1229
2901304,603
2901353,0
2901403,41
2901502,0
2901601,394
2901700,3756
2901809,2403
2901908,27
2901957,0
2902005,639
2902054,3353
2902104,0
2902203,1637
2902252,0
2902302,12
2902401,95
2902500,0
2902609,0
2902658,625
2902708,3169
2902807,503
2902906,0
2903003,1556
2903102,8
2903201,1511
2903235,2051
2903276,100
2903300,0
2903409,0
2903508,261
2903607,1312
2903706,0
2903805,0
2903904,7639
2903953,1090
2904001,3078
2904050,7967
2904100,41
2904209,85
2904308,31
2904407,0
2904506,30
2904605,0
2904704,169
2904753,638
2904803,131
2904852,0
2904902,6972
2905008,0
2905107,2471
2905156,0
2905206,2828
2905305,1425
2905404,4584
2905503,893
2905602,0
2905701,1619
2905800,6596
2905909,2
2906006,12735
2906105,0
2906204,3106
2906303,0
2906402,123
2906501,814
2906600,386
2906709,15
2906808,1751
2906824,5
2906857,0
2906873,937
2906899,40
2906907,327
2907004,39
2907103,1670
2907202,608
2907301,75
2907400,0
2907509,539
2907558,0
2907608,2975
2907707,0
2907806,240
2907905,1977
2908002,0
2908101,288
2908200,55
2908309,0
2908408,950
2908507,0
2908606,2425
2908705,953
2908804,247
2908903,526
2909000,0
2909109,0
2909208,0
2909307,194
2909406,133
2909505,0
2909604,0
2909703,0
2909802,835
2909901,1160
2910008,0
2910057,420
2910107,0
2910206,0
2910305,0
2910404,35
2910503,1618
2910602,1650
2910701,156
2910727,358
2910750,485
2910776,0
2910800,12190
2910859,6346
2910909,1
2911006,0
2911105,296
2911204,276
2911253,0
2911303,833
2911402,0
2911501,21
2911600,94
2911659,0
2911709,685
2911808,0
2911857,2
2911907,39
2912004,459
2912103,0
2912202,164
2912301,110
2912400,5000
2912509,175
2912608,0
2912707,39
2912806,433
2912905,0
2913002,1272
2913101,4229
2913200,463
2913309,180
2913408,769
2913457,867
2913507,30
2913606,2166
2913705,466
2913804,0
2913903,46
2914000,316
2914109,5
2914208,0
2914307,0
2914406,2295
2914505,4269
2914604,2427
2914653,0
2914703,208
2914802,873
2914901,2859
2915007,1115
2915106,0
2915205,0
2915304,0
2915353,1971
2915403,0
2915502,0
2915601,108
2915700,82
2915809,99
2915908,24
2916005,312
2916104,240
2916203,0
2916302,0
2916401,0
2916500,76
2916609,0
2916708,0
2916807,0
2916856,474
2916906,56
2917003,195
2917102,92
2917201,209
2917300,1693
2917334,3
2917359,0
2917409,31
2917508,5360
2917607,610
2917706,3
2917805,45
2917904,168
2918001,3550
2918100,3001
2918209,0
2918308,0
2918357,3924
2918407,2540
2918456,0
2918506,1075
2918555,0
2918605,3
2918704,11
2918753,306
2918803,80
2918902,0
2919009,0
2919058,198
2919108,307
2919157,5368
2919207,4856
2919306,1073
2919405,15
2919504,2821
2919553,582
2919603,0
2919702,15
2919801,410
2919900,5
2919926,4
2919959,0
2920007,133
2920106,0
2920205,2611
2920304,105
2920403,0
2920452,723
2920502,0
2920601,5812
2920700,7546
2920809,0
2920908,0
2921005,263
2921054,17
2921104,0
2921203,950
2921302,0
2921401,4220
2921450,6
2921500,668
2921609,0
2921708,2526
2921807,188
2921906,296
2922003,32
2922052,5062
2922102,75
2922201,0
2922250,2454
2922300,2006
2922409,20
2922508,479
2922607,552
2922656,2766
2922706,280
2922730,0
2922755,178
2922805,0
2922854,6
2922904,11
2923001,2709
2923035,109
2923050,175
2923100,0
2923209,0
2923308,805
2923357,0
2923407,3187
2923506,980
2923605,29
2923704,5474
2923803,170
2923902,0
2924009,1
2924058,7
2924108,543
2924207,42
2924306,3107
2924405,639
2924504,551
2924603,2613
2924652,0
2924678,0
2924702,277
2924801,94
2924900,177
2925006,267
2925105,1061
2925204,540
2925253,1522
2925303,20
2925402,62
2925501,3
2925600,1176
2925709,204
2925758,457
2925808,0
2925907,24
2925931,1430
2925956,0
2926004,148
2926103,597
2926202,90
2926301,349
2926400,4048
2926509,22
2926608,327
2926657,227
2926707,1025
2926806,264
2926905,0
2927002,2
2927101,275
2927200,1226
2927309,1930
2927408,15897
2927507,770
2927606,0
2927705,2
2927804,0
2927903,0
2928000,71
2928059,0
2928109,1049
2928208,0
2928307,1681
2928406,227
2928505,1026
2928604,6936
2928703,157
2928802,105
2928901,0
2928950,34
2929008,1395
2929057,43
2929107,0
2929206,2232
2929255,2833
2929305,69
2929354,1
2929370,0
2929404,0
2929503,790
2929602,0
2929701,56
2929750,4
2929800,210
2929909,4311
2930006,0
2930105,15999
2930154,2024
2930204,300
2930303,0
2930402,18
2930501,834
2930600,394
2930709,3576
2930758,1060
2930766,18
2930774,0
2930808,2348
2930907,39
2931004,1133
2931053,391
2931103,4
2931202,2182
2931301,0
2931350,373
2931400,58
2931509,0
2931608,791
2931707,421
2931806,1027
2931905,131
2932002,139
2932101,41
2932200,24
2932309,4
2932408,1366
2932457,273
2932507,20
2932606,373
2932705,0
2932804,122
2932903,3402
2933000,2
2933059,18
2933109,3
2933158,542
2933174,5
2933208,172
2933257,0
2933307,12057
2933406,176
2933455,559
2933505,3697
2933604,1692
3100104,0
3100203,3
3100302,0
3100401,95
3100500,262
3100609,2
3100708,0
3100807,0
3100906,0
3101003,0
3101102,0
3101201,0
3101300,0
3101409,0
3101508,0
3101607,0
3101631,10
3101706,129
3101805,0
3101904,0
3102001,0
3102050,0
3102100,1
3102209,0
3102308,0
3102407,80
3102506,408
3102605,1
3102704,0
3102803,26
3102852,776
3102902,21
3103009,234
3103108,0
3103207,0
3103306,24
3103405,1936
3103504,268
3103603,0
3103702,0
3103751,0
3103801,0
3103900,0
3104007,7
3104106,0
3104205,0
3104304,0
3104403,0
3104452,0
3104502,0
3104601,0
3104700,477
3104809,0
3104908,6
3105004,0
3105103,0
3105202,0
3105301,0
3105400,9
3105509,0
3105608,260
3105707,0
3105905,0
3106002,0
3106101,0
3106200,821
3106309,897
3106408,349
3106507,5735
3106606,310
3106655,170
3106705,110
3106804,833
3106903,0
3107000,0
3107109,3
3107208,2
3107307,312
3107406,263
3107505,0
3107604,0
3107703,670
3107802,0
3107901,0
3108008,0
3108107,337
3108206,14
3108255,1252
3108305,0
3108404,0
3108503,89
3108552,0
3108602,781
3108701,0
3108800,52
3108909,1
3109006,666
3109105,1
3109204,0
3109253,0
3109303,0
3109402,0
3109451,0
3109501,0
3109600,158
3109709,0
3109808,0
3109907,0
3110004,6
3110103,0
3110202,0
3110301,17
3110400,0
3110509,8
3110608,0
3110707,0
3110806,0
3110905,0
3111002,6
3111101,0
3111150,0
3111200,0
3111309,55
3111408,0
3111507,67
3111606,0
3111705,0
3111804,0
3111903,0
3112000,0
3112059,118
3112109,0
3112208,0
3112307,2058
3112406,0
3112505,0
3112604,0
3112653,0
3112703,0
3112802,0
3112901,0
3113008,61
3113107,0
3113206,0
3113305,0
3113404,0
3113503,15
3113602,0
3113701,101
3113800,0
3113909,0
3114006,3
3114105,0
3114204,17
3114303,0
3114402,0
3114501,89
3114550,0
3114600,0
3114709,5
3114808,14
3114907,0
3115003,0
3115102,0
3115201,31
3115300,0
3115359,0
3115409,3
3115458,248
3115474,601
3115508,0
3115607,0
3115706,0
3115805,0
3115904,0
3116001,0
3116100,4457
3116159,828
3116209,0
3116308,21
3116407,0
3116506,17
3116605,0
3116704,0
3116803,434
3116902,0
3117009,0
3117108,1
3117207,0
3117306,0
3117405,0
3117504,1173
3117603,0
3117702,0
3117801,0
3117836,1168
3117876,0
3117900,0
3118007,140
3118106,54
3118205,0
3118304,154
3118403,0
3118502,0
3118601,1159
3118700,1
3118809,469
3118908,0
3119005,0
3119104,51
3119203,0
3119302,4
3119401,0
3119500,622
3119609,0
3119708,194
3119807,0
3119906,0
3119955,0
3120003,0
3120102,27
3120151,0
3120201,0
3120300,675
3120409,0
3120508,0
3120607,0
3120706,0
3120805,0
3120839,0
3120870,0
3120904,1
3121001,2
3121100,0
3121209,0
3121258,0
3121308,0
3121407,0
3121506,0
3121605,1475
3121704,3
3121803,0
3121902,0
3122009,579
3122108,0
3122207,0
3122306,0
3122355,0
3122405,0
3122454,0
3122470,0
3122504,0
3122603,56
3122702,36
3122801,0
3122900,0
3123007,0
3123106,434
3123205,0
3123304,0
3123403,0
3123502,0
3123528,0
3123601,76
3123700,0
3123809,0
3123858,0
3123908,0
3124005,0
3124104,1
3124203,0
3124302,3
3124401,0
3124500,1
3124609,0
3124708,0
3124807,0
3124906,0
3125002,0
3125101,0
3125200,0
3125309,0
3125408,4
3125507,70
3125606,163
3125705,2
3125804,0
3125903,209
3125952,0
3126000,0
3126109,2
3126208,0
3126307,0
3126406,193
3126505,1292
3126604,0
3126703,442
3126752,195
3126802,0
3126901,0
3126950,0
3127008,0
3127057,378
3127073,0
3127107,6
3127206,0
3127305,0
3127339,436
3127354,8
3127370,0
3127388,4
3127404,0
3127503,4
3127602,281
3127701,291
3127800,3
3127909,0
3128006,581
3128105,0
3128204,174
3128253,0
3128303,0
3128402,0
3128501,0
3128600,0
3128709,0
3128808,97
3128907,0
3129004,1
3129103,0
3129202,0
3129301,0
3129400,0
3129509,82
3129608,0
3129657,0
3129707,0
3129806,0
3129905,0
3130002,0
3130051,5
3130101,0
3130200,0
3130309,0
3130408,0
3130507,1
3130556,0
3130606,0
3130655,58
3130705,1
3130804,0
3130903,0
3131000,0
3131109,0
3131158,0
3131208,0
3131307,39
3131406,0
3131505,0
3131604,0
3131703,431
3131802,0
3131901,5
3132008,0
3132107,248
3132206,2
3132305,9
3132404,0
3132503,993
3132602,0
3132701,86
3132800,0
3132909,0
3133006,0
3133105,0
3133204,0
3133303,6
3133402,10
3133501,32
3133600,0
3133709,1
3133758,0
3133808,9
3133907,0
3134004,413
3134103,0
3134202,6
3134301,0
3134400,0
3134509,0
3134608,244
3134707,1
3134806,0
3134905,0
3135001,0
3135050,902
3135076,0
3135100,7613
3135209,15012
3135308,0
3135357,0
3135407,0
3135456,1398
3135506,1
3135605,28
3135704,304
3135803,276
3135902,0
3136009,327
3136108,0
3136207,4
3136306,253
3136405,0
3136504,0
3136520,80
3136553,0
3136579,0
3136603,0
3136652,0
3136702,0
3136801,0
3136900,0
3136959,858
3137007,12
3137106,8
3137205,0
3137304,0
3137403,0
3137502,0
3137536,0
3137601,1
3137700,0
3137809,1
3137908,48
3138005,0
3138104,195
3138203,0
3138302,0
3138351,122
3138401,0
3138500,14
3138609,0
3138625,0
3138658,166
3138674,5
3138682,483
3138708,0
3138807,0
3138906,18
3139003,7
3139102,0
3139201,1
3139250,0
3139300,3418
3139409,0
3139508,0
3139607,23
3139706,0
3139805,0
3139904,0
3140001,220
3140100,0
3140159,0
3140209,0
3140308,0
3140407,0
3140506,1
3140530,0
3140555,0
3140605,557
3140704,0
3140803,0
3140852,857
3140902,0
3141009,52
3141108,0
3141207,0
3141306,0
3141405,2
3141504,0
3141603,68
3141702,1
3141801,2868
3141900,0
3142007,225
3142106,0
3142205,0
3142254,0
3142304,288
3142403,0
3142502,1
3142601,1
3142700,7
3142809,47
3142908,1003
3143005,0
3143104,14
3143153,8
3143203,0
3143302,748
3143401,0
3143450,0
3143500,0
3143609,0
3143708,0
3143807,0
3143906,0
3144003,0
3144102,44
3144201,0
3144300,0
3144359,0
3144375,0
3144409,0
3144508,134
3144607,281
3144656,0
3144672,0
3144706,0
3144805,0
3144904,0
3145000,1
3145059,111
3145109,0
3145208,35
3145307,90
3145356,9
3145372,0
3145406,0
3145455,68
3145505,0
3145604,11
3145703,0
3145802,0
3145851,0
3145877,221
3145901,5
3146008,25
3146107,284
3146206,928
3146255,0
3146305,0
3146404,0
3146503,0
3146552,1287
3146602,0
3146701,0
3146750,0
3146909,0
3147006,2836
3147105,0
3147204,0
3147303,0
3147402,1273
3147501,0
3147600,0
3147709,175
3147808,0
3147907,36
3147956,0
3148004,28
3148103,0
3148202,0
3148301,787
3148400,173
3148509,10
3148608,335
3148707,0
3148756,2
3148806,0
3148905,0
3149002,0
3149101,7
3149150,914
3149200,0
3149309,25
3149408,0
3149507,0
3149606,0
3149705,19
3149804,0
3149903,0
3149952,16
3150000,67
3150109,0
3150158,0
3150208,0
3150307,0
3150406,0
3150505,5
3150539,0
3150570,57
3150604,37
3150703,0
3150802,1420
3150901,0
3151008,0
3151107,0
3151206,0
3151305,1
3151404,222
3151503,1
3151602,0
3151701,37
3151800,0
3151909,0
3152006,63
3152105,3751
3152131,0
3152170,2
3152204,428
3152303,1
3152402,6
3152501,35
3152600,0
3152709,0
3152808,35
3152907,0
3153004,0
3153103,0
3153202,441
3153301,224
3153400,38
3153509,0
3153608,0
3153707,0
3153806,0
3153905,0
3154002,91
3154101,0
3154150,0
3154200,317
3154309,0
3154408,187
3154457,0
3154507,497
3154606,600
3154705,0
3154804,0
3154903,0
3155009,0
3155108,6
3155207,292
3155306,1
3155405,0
3155504,0
3155603,213
3155702,1070
3155801,0
3155900,0
3156007,4
3156106,0
3156205,0
3156304,0
3156403,0
3156452,0
3156502,56
3156601,0
3156700,0
3156809,1864
3156908,3
3157005,1943
3157104,37
3157203,23
3157252,0
3157278,0
3157302,0
3157336,0
3157377,0
3157401,0
3157500,1
3157609,133
3157658,510
3157708,0
3157807,1607
3157906,0
3158003,1408
3158102,0
3158201,0
3158300,0
3158409,0
3158508,0
3158607,0
3158706,0
3158805,0
3158904,0
3158953,31
3159001,0
3159100,0
3159209,0
3159308,7
3159357,0
3159407,3
3159506,0
3159605,43
3159704,9
3159803,0
3159902,69
3160009,0
3160108,0
3160207,990
3160306,0
3160405,1
3160454,0
3160504,0
3160603,0
3160702,312
3160801,0
3160900,8
3160959,0
3161007,204
3161056,0
3161106,5422
3161205,4
3161304,0
3161403,1
3161502,0
3161601,3
3161650,0
3161700,0
3161809,16
3161908,554
3162005,0
3162104,7
3162203,0
3162252,38
3162302,0
3162401,1527
3162450,0
3162500,195
3162559,7
3162575,0
3162609,0
3162658,0
3162708,0
3162807,212
3162906,76
3162922,0
3162948,0
3162955,0
3163003,0
3163102,0
3163201,0
3163300,0
3163409,0
3163508,6
3163607,0
3163706,0
3163805,0
3163904,0
3164001,0
3164100,93
3164209,484
3164308,0
3164407,0
3164431,0
3164472,0
3164506,0
3164605,0
3164704,20
3164803,0
3164902,0
3165008,79
3165107,0
3165206,0
3165305,0
3165404,0
3165503,0
3165537,0
3165552,650
3165560,0
3165578,0
3165602,0
3165701,0
3165800,0
3165909,4
3166006,0
3166105,77
3166204,0
3166303,0
3166402,0
3166501,28
3166600,0
3166709,0
3166808,33
3166907,0
3166956,499
3167004,0
3167103,1879
3167202,7
3167301,0
3167400,0
3167509,0
3167608,103
3167707,0
3167806,0
3167905,254
3168002,0
3168051,0
3168101,0
3168200,0
3168309,0
3168408,0
3168507,0
3168606,439
3168705,0
3168804,0
3168903,23
3169000,0
3169059,0
3169109,0
3169208,0
3169307,302
3169356,58
3169406,449
3169505,0
3169604,0
3169703,0
3169802,0
3169901,735
3170008,724
3170057,0
3170107,1
3170206,55
3170305,0
3170404,24
3170438,0
3170479,0
3170503,2
3170529,59
3170578,0
3170602,0
3170651,0
3170701,0
3170750,79
3170800,0
3170909,1990
3171006,883
3171030,625
3171071,188
3171105,3
3171154,0
3171204,0
3171303,537
3171402,0
3171501,0
3171600,3313
3171709,0
3171808,0
3171907,120
3172004,83
3172103,0
3172202,0
3200102,0
3200136,0
3200169,0
3200201,6
3200300,0
3200359,0
3200409,0
3200508,0
3200607,0
3200706,0
3200805,0
3200904,0
3201001,0
3201100,0
3201159,0
3201209,589
3201308,0
3201407,0
3201506,0
3201605,4047
3201704,0
3201803,17
3201902,0
3202009,0
3202108,0
3202207,20
3202256,0
3202306,91
3202405,134
3202454,0
3202504,96
3202553,0
3202603,2
3202652,0
3202702,0
3202801,1605
3202900,0
3203007,0
3203056,225
3203106,52
3203130,0
3203163,261
3203205,445
3203304,0
3203320,11
3203346,0
3203353,0
3203403,0
3203502,27
3203601,0
3203700,14
3203809,4
3203908,0
3204005,0
3204054,125
3204104,0
3204203,0
3204252,0
3204302,875
3204351,0
3204401,0
3204500,252
3204559,0
3204609,1
3204658,0
3204708,0
3204807,0
3204906,6292
3204955,0
3205002,0
3205010,5
3205036,444
3205069,0
3205101,19
3205150,0
3205176,0
3205200,0
3205309,0
3300100,854
3300159,0
3300209,994
3300225,358
3300233,1777
3300258,0
3300308,0
3300407,4
3300456,134
3300506,0
3300605,0
3300704,3189
3300803,0
3300902,0
3300936,129
3300951,0
3301009,3083
3301108,0
3301157,0
3301207,86
3301306,0
3301405,0
3301504,0
3301603,6
3301702,0
3301801,0
3301850,28
3301876,0
3301900,5
3302007,0
3302056,0
3302106,4
3302205,0
3302254,0
3302270,0
3302304,0
3302403,0
3302452,0
3302502,2209
3302601,929
3302700,0
3302809,0
3302858,25
3302908,0
3303005,0
3303104,145
3303203,0
3303302,189
3303401,0
3303500,107
3303609,0
3303708,7
3303807,767
3303856,31
3303906,61
3303955,0
3304003,0
3304102,0
3304110,0
3304128,318
3304144,0
3304151,993
3304201,0
3304300,0
3304409,148
3304508,0
3304524,0
3304557,2866
3304607,59
3304706,0
3304755,338
3304805,79
3304904,0
3305000,0
3305109,0
3305133,0
3305158,0
3305208,336
3305307,4
3305406,1
3305505,0
3305554,0
3305604,8
3305703,0
3305752,0
3305802,0
3305901,0
3306008,0
3306107,170
3306156,0
3306206,0
3306305,6
3500105,0
3500204,0
3500303,0
3500402,0
3500501,0
3500550,0
3500600,0
3500709,275
3500758,0
3500808,0
3500907,0
3501004,0
3501103,0
3501152,0
3501202,0
3501301,0
3501400,0
3501509,0
3501608,0
3501707,0
3501806,0
3501905,0
3502002,0
3502101,0
3502200,0
3502309,0
3502408,0
3502507,0
3502606,0
3502705,0
3502754,0
3502804,0
3502903,0
3503000,0
3503109,0
3503158,0
3503208,0
3503307,0
3503356,0
3503406,0
3503505,0
3503604,0
3503703,0
3503802,0
3503901,0
3503950,0
3504008,0
3504107,0
3504206,0
3504305,0
3504404,0
3504503,4
3504602,0
3504701,0
3504800,0
3504909,0
3505005,0
3505104,0
3505203,0
3505302,0
3505351,12
3505401,1226
3505500,0
3505609,9
3505708,0
3505807,0
3505906,0
3506003,0
3506102,0
3506201,0
3506300,0
3506359,0
3506409,0
3506508,0
3506607,0
3506706,0
3506805,0
3506904,0
3507001,0
3507100,26
3507159,0
3507209,0
3507308,0
3507407,0
3507456,0
3507506,0
3507605,0
3507704,0
3507753,0
3507803,0
3507902,0
3508009,0
3508108,0
3508207,0
3508306,0
3508405,0
3508504,0
3508603,0
3508702,1
3508801,0
3508900,0
3509007,0
3509106,0
3509205,0
3509254,101
3509304,0
3509403,0
3509452,0
3509502,159
3509601,0
3509700,0
3509809,0
3509908,501
3509957,0
3510005,0
3510104,0
3510153,0
3510203,42
3510302,0
3510401,24
3510500,0
3510609,0
3510708,0
3510807,0
3510906,0
3511003,0
3511102,0
3511201,0
3511300,0
3511409,0
3511508,0
3511607,0
3511706,0
3511904,0
3512001,0
3512100,0
3512209,0
3512308,0
3512407,0
3512506,0
3512605,0
3512704,0
3512803,0
3512902,0
3513009,0
3513108,0
3513207,0
3513306,0
3513405,0
3513504,0
3513603,0
3513702,0
3513801,0
3513850,0
3513900,0
3514007,0
3514106,0
3514205,0
3514304,0
3514403,0
3514502,0
3514601,0
3514700,0
3514809,2245
3514908,0
3514924,0
3514957,0
3515004,0
3515103,0
3515129,0
3515152,0
3515186,0
3515194,0
3515202,0
3515301,0
3515350,0
3515400,0
3515509,0
3515608,0
3515657,0
3515707,0
3515806,0
3515905,0
3516002,0
3516101,0
3516200,0
3516309,0
3516408,0
3516507,0
3516606,0
3516705,0
3516804,0
3516853,0
3516903,0
3517000,0
3517109,0
3517208,0
3517307,0
3517406,0
3517505,0
3517604,0
3517703,0
3517802,0
3517901,0
3518008,0
3518107,0
3518206,0
3518305,0
3518404,33
3518503,0
3518602,0
3518701,67
3518800,2
3518859,0
3518909,0
3519006,0
3519055,0
3519071,6
3519105,0
3519204,0
3519253,0
3519303,0
3519402,0
3519501,0
3519600,0
3519709,0
3519808,0
3519907,0
3520004,0
3520103,0
3520202,0
3520301,379
3520400,0
3520426,0
3520442,0
3520509,0
3520608,0
3520707,0
3520806,0
3520905,0
3521002,0
3521101,0
3521150,0
3521200,1424
3521309,0
3521408,0
3521507,0
3521606,0
3521705,0
3521804,0
3521903,0
3522000,0
3522109,2
3522158,306
3522208,0
3522307,0
3522406,357
3522505,0
3522604,0
3522653,0
3522703,0
3522802,0
3522901,0
3523008,0
3523107,0
3523206,82
3523305,0
3523404,182
3523503,0
3523602,0
3523701,0
3523800,0
3523909,0
3524006,0
3524105,0
3524204,0
3524303,0
3524402,0
3524501,0
3524600,133
3524709,0
3524808,0
3524907,0
3525003,0
3525102,0
3525201,0
3525300,0
3525409,0
3525508,0
3525607,0
3525706,0
3525805,0
3525854,0
3525904,0
3526001,8
3526100,1
3526209,0
3526308,0
3526407,0
3526506,0
3526605,0
3526704,0
3526803,0
3526902,0
3527009,0
3527108,0
3527207,0
3527256,0
3527306,0
3527405,0
3527504,0
3527603,0
3527702,0
3527801,0
3527900,0
3528007,0
3528106,0
3528205,0
3528304,0
3528403,0
3528502,0
3528601,0
3528700,0
3528809,0
3528858,0
3528908,0
3529005,4
3529104,0
3529203,0
3529302,0
3529401,0
3529500,0
3529609,0
3529658,0
3529708,0
3529807,0
3529906,39
3530003,0
3530102,0
3530201,0
3530300,0
3530409,0
3530508,0
3530607,0
3530706,0
3530805,0
3530904,0
3531001,0
3531100,24
3531209,0
3531308,0
3531407,0
3531506,0
3531605,0
3531704,0
3531803,0
3531902,0
3532009,0
3532058,0
3532108,0
3532157,0
3532207,0
3532306,0
3532405,0
3532504,0
3532603,0
3532702,0
3532801,0
3532827,0
3532843,0
3532868,0
3532900,0
3533007,0
3533106,0
3533205,0
3533254,0
3533304,0
3533403,0
3533502,0
3533601,0
3533700,0
3533809,0
3533908,0
3534005,0
3534104,0
3534203,0
3534302,0
3534401,17
3534500,0
3534609,0
3534708,0
3534757,0
3534807,0
3534906,0
3535002,0
3535101,0
3535200,0
3535309,0
3535408,0
3535507,0
3535606,0
3535705,0
3535804,0
3535903,0
3536000,0
3536109,0
3536208,1
3536257,0
3536307,0
3536406,0
3536505,0
3536570,0
3536604,0
3536703,0
3536802,0
3536901,0
3537008,0
3537107,0
3537156,0
3537206,0
3537305,0
3537404,0
3537503,0
3537602,0
3537701,0
3537800,0
3537909,86
3538006,0
3538105,0
3538204,0
3538303,0
3538501,0
3538600,0
3538709,0
3538808,0
3538907,0
3539004,0
3539103,0
3539202,0
3539301,0
3539400,0
3539509,0
3539608,0
3539707,0
3539806,0
3539905,0
3540002,0
3540101,0
3540200,0
3540259,0
3540309,0
3540408,0
3540507,0
3540606,0
3540705,0
3540754,0
3540804,0
3540853,0
3540903,0
3541000,0
3541059,0
3541109,0
3541208,0
3541307,0
3541406,0
3541505,0
3541604,0
3541653,0
3541703,0
3541802,0
3541901,0
3542008,0
3542107,0
3542206,0
3542305,0
3542404,0
3542503,0
3542602,65
3542701,0
3542800,0
3542909,0
3543006,0
3543105,0
3543204,0
3543238,0
3543253,0
3543303,0
3543402,0
3543501,0
3543600,0
3543709,0
3543808,0
3543907,171
3544004,0
3544103,0
3544202,0
3544251,0
3544301,0
3544400,0
3544509,0
3544608,0
3544707,0
3544806,0
3544905,0
3545001,0
3545100,0
3545159,0
3545209,0
3545308,120
3545407,0
3545506,0
3545605,0
3545704,0
3545803,1
3546009,0
3546108,0
3546207,0
3546256,0
3546306,0
3546405,0
3546504,0
3546603,0
3546702,0
3546801,0
3546900,0
3547007,0
3547106,0
3547205,0
3547304,0
3547403,0
3547502,0
3547601,0
3547650,0
3547700,0
3547809,0
3547908,0
3548005,0
3548054,0
3548104,0
3548203,0
3548302,0
3548401,0
3548500,19
3548609,111
3548708,0
3548807,0
3548906,0
3549003,0
3549102,0
3549201,0
3549250,0
3549300,0
3549409,5
3549508,0
3549607,0
3549706,0
3549805,0
3549904,0
3549953,0
3550001,0
3550100,0
3550209,0
3550308,739
3550407,0
3550506,0
3550605,532
3550704,0
3550803,0
3550902,0
3551009,0
3551108,0
3551207,0
3551306,0
3551405,0
3551504,0
3551603,0
3551702,5
3551801,17
3551900,0
3552007,0
3552106,0
3552205,7
3552304,0
3552403,5
3552502,0
3552551,0
3552601,0
3552700,0
3552809,30
3552908,0
3553005,0
3553104,0
3553203,0
3553302,0
3553401,0
3553500,0
3553609,0
3553658,0
3553708,20
3553807,0
3553856,0
3553906,0
3553955,0
3554003,0
3554102,0
3554201,0
3554300,0
3554409,0
3554508,0
3554607,0
3554656,0
3554706,0
3554755,0
3554805,0
3554904,0
3554953,0
3555000,0
3555109,0
3555208,0
3555307,0
3555356,0
3555406,1371
3555505,0
3555604,0
3555703,0
3555802,0
3555901,0
3556008,0
3556107,0
3556206,5
3556305,0
3556354,0
3556404,0
3556453,0
3556503,4
3556602,0
3556701,0
3556800,0
3556909,0
3556958,0
3557006,1
3557105,0
3557154,0
3557204,0
3557303,0
4100103,0
4100202,752
4100301,0
4100400,0
4100459,0
4100509,0
4100608,0
4100707,0
4100806,0
4100905,0
4101002,0
4101051,0
4101101,0
4101150,0
4101200,0
4101309,0
4101408,0
4101507,0
4101606,180
4101655,0
4101705,0
4101804,0
4101853,0
4101903,0
4102000,0
4102109,0
4102208,0
4102307,0
4102406,0
4102505,0
4102604,0
4102703,0
4102752,0
4102802,0
4102901,0
4103008,0
4103024,0
4103040,0
4103057,0
4103107,34
4103156,0
4103206,0
4103222,0
4103305,0
4103354,0
4103370,0
4103404,0
4103453,0
4103479,0
4103503,0
4103602,0
4103701,0
4103800,0
4103909,0
4103958,0
4104006,9
4104055,0
4104105,0
4104204,133
4104253,0
4104303,0
4104402,0
4104428,427
4104451,36
4104501,0
4104600,0
4104659,0
4104709,0
4104808,0
4104907,533
4105003,0
4105102,0
4105201,35
4105300,0
4105409,0
4105508,0
4105607,0
4105706,49
4105805,0
4105904,0
4106001,0
4106100,0
4106209,0
4106308,0
4106407,0
4106456,0
4106506,0
4106555,0
4106571,0
4106605,0
4106704,0
4106803,0
4106852,0
4106902,28
4107009,125
4107108,0
4107124,0
4107157,0
4107207,0
4107256,0
4107306,0
4107405,0
4107504,0
4107520,0
4107538,0
4107546,0
4107553,0
4107603,0
4107652,0
4107702,0
4107736,0
4107751,0
4107801,0
4107850,0
4107900,0
4108007,0
4108106,0
4108205,0
4108304,0
4108320,0
4108403,0
4108452,14
4108502,0
4108551,0
4108601,0
4108650,0
4108700,0
4108809,23
4108908,0
4108957,0
4109005,0
4109104,0
4109203,0
4109302,0
4109401,177
4109500,230
4109609,0
4109658,0
4109708,0
4109757,0
4109807,0
4109906,0
4110003,0
4110052,0
4110078,0
4110102,0
4110201,0
4110300,0
4110409,0
4110508,0
4110607,0
4110656,0
4110706,0
4110805,0
4110904,0
4110953,0
4111001,0
4111100,0
4111209,0
4111258,0
4111308,0
4111407,288
4111506,0
4111555,0
4111605,0
4111704,0
4111803,0
4111902,0
4112009,0
4112108,0
4112207,0
4112306,0
4112405,0
4112504,0
4112603,0
4112702,0
4112751,0
4112801,0
4112900,0
4112959,0
4113007,0
4113106,0
4113205,1381
4113254,0
4113304,0
4113403,0
4113429,0
4113452,0
4113502,0
4113601,0
4113700,0
4113734,0
4113759,0
4113809,0
4113908,0
4114005,0
4114104,0
4114203,0
4114302,0
4114351,0
4114401,0
4114500,0
4114609,0
4114708,0
4114807,0
4114906,0
4115002,0
4115101,0
4115200,0
4115309,0
4115358,0
4115408,0
4115457,0
4115507,0
4115606,0
4115705,0
4115739,0
4115754,0
4115804,0
4115853,0
4115903,0
4116000,0
4116059,0
4116109,0
4116208,0
4116307,0
4116406,0
4116505,0
4116604,0
4116703,0
4116802,0
4116901,0
4116950,0
4117008,0
4117057,0
4117107,0
4117206,0
4117214,0
4117222,0
4117255,0
4117271,0
4117297,0
4117305,0
4117404,0
4117453,0
4117503,0
4117602,1652
4117701,5
4117800,0
4117909,0
4118006,0
4118105,0
4118204,87
4118303,0
4118402,0
4118451,0
4118501,0
4118600,0
4118709,0
4118808,0
4118857,0
4118907,0
4119004,0
4119103,0
4119152,0
4119202,0
4119251,0
4119301,40
4119400,0
4119509,0
4119608,0
4119657,0
4119707,0
4119806,0
4119905,249
4119954,0
4120002,0
4120101,0
4120150,0
4120200,0
4120309,0
4120333,0
4120358,0
4120408,0
4120507,0
4120606,0
4120655,0
4120705,0
4120804,0
4120853,0
4120903,0
4121000,0
4121109,0
4121208,0
4121257,0
4121307,0
4121356,0
4121406,0
4121505,0
4121604,0
4121703,0
4121752,360
4121802,0
4121901,0
4122008,0
4122107,0
4122156,0
4122172,0
4122206,0
4122305,0
4122404,0
4122503,0
4122602,0
4122651,0
4122701,0
4122800,0
4122909,0
4123006,0
4123105,24
4123204,0
4123303,0
4123402,0
4123501,0
4123600,0
4123709,0
4123808,0
4123824,0
4123857,0
4123907,0
4123956,0
4124004,0
4124020,0
4124053,0
4124103,0
4124202,0
4124301,0
4124400,0
4124509,0
4124608,0
4124707,0
4124806,0
4124905,0
4125001,0
4125100,0
4125209,0
4125308,0
4125357,0
4125407,0
4125456,0
4125506,0
4125555,0
4125605,0
4125704,22
4125753,0
4125803,0
4125902,0
4126009,0
4126108,0
4126207,0
4126256,0
4126272,0
4126306,4
4126355,0
4126405,0
4126504,0
4126603,0
4126652,0
4126678,0
4126702,0
4126801,0
4126900,0
4127007,0
4127106,0
4127205,0
4127304,0
4127403,0
4127502,0
4127601,6
4127700,0
4127809,0
4127858,0
4127882,6
4127908,0
4127957,0
4127965,27
4128005,0
4128104,0
4128203,0
4128302,0
4128401,0
4128500,0
4128534,0
4128559,0
4128609,0
4128625,0
4128633,177
4128658,0
4128708,0
4128807,0
4200051,154
4200101,0
4200200,0
4200309,0
4200408,0
4200507,0
4200556,0
4200606,22
4200705,0
4200754,0
4200804,0
4200903,0
4201000,0
4201109,0
4201208,0
4201257,0
4201273,0
4201307,480
4201406,130
4201505,0
4201604,0
4201653,0
4201703,0
4201802,0
4201901,0
4201950,0
4202008,40
4202057,5
4202073,0
4202081,0
4202099,0
4202107,0
4202131,0
4202156,0
4202206,0
4202305,0
4202404,0
4202438,0
4202453,0
4202503,0
4202537,0
4202578,0
4202602,0
4202701,0
4202800,0
4202859,0
4202875,0
4202909,0
4203006,0
4203105,0
4203154,0
4203204,0
4203253,0
4203303,0
4203402,0
4203501,0
4203600,397
4203709,0
4203808,0
4203907,0
4203956,654
4204004,0
4204103,0
4204152,0
4204178,120
4204194,0
4204202,0
4204251,0
4204301,0
4204350,0
4204400,0
4204459,0
4204509,0
4204558,0
4204608,1
4204707,0
4204756,0
4204806,0
4204905,0
4205001,0
4205100,0
4205159,0
4205175,0
4205191,0
4205209,0
4205308,0
4205357,0
4205407,435
4205431,0
4205456,0
4205506,19
4205555,0
4205605,0
4205704,245
4205803,0
4205902,0
4206009,0
4206108,0
4206207,1
4206306,0
4206405,0
4206504,0
4206603,0
4206652,0
4206702,0
4206751,0
4206801,0
4206900,0
4207007,0
4207106,0
4207205,0
4207304,88
4207403,0
4207502,0
4207577,0
4207601,0
4207650,0
4207684,0
4207700,0
4207759,0
4207809,0
4207858,0
4207908,0
4208005,0
4208104,0
4208203,0
4208302,0
4208401,0
4208450,0
4208500,10
4208609,0
4208708,0
4208807,0
4208906,0
4208955,0
4209003,0
4209102,317
4209151,102
4209177,0
4209201,0
4209300,0
4209409,0
4209458,0
4209508,0
4209607,0
4209706,0
4209805,0
4209854,0
4209904,0
4210001,0
4210035,0
4210050,0
4210100,0
4210209,0
4210308,0
4210407,0
4210506,0
4210555,0
4210605,0
4210704,0
4210803,0
4210852,0
4210902,0
4211009,0
4211058,0
4211108,0
4211207,0
4211256,0
4211306,0
4211405,0
4211454,0
4211504,0
4211603,0
4211652,0
4211702,0
4211751,0
4211801,0
4211850,0
4211876,0
4211892,0
4211900,38
4212007,0
4212056,0
4212106,3
4212205,0
4212239,0
4212254,0
4212270,0
4212304,131
4212403,0
4212502,0
4212601,0
4212650,419
4212700,0
4212809,0
4212908,0
4213005,0
4213104,0
4213153,0
4213203,0
4213302,0
4213351,0
4213401,0
4213500,59
4213609,0
4213708,0
4213807,244
4213906,0
4214003,0
4214102,0
4214151,0
4214201,0
4214300,0
4214409,0
4214508,0
4214607,0
4214706,0
4214805,0
4214904,0
4215000,0
4215059,0
4215075,0
4215109,0
4215208,0
4215307,0
4215356,0
4215406,0
4215455,0
4215505,0
4215554,0
4215604,0
4215653,17
4215679,0
4215687,0
4215695,0
4215703,251
4215752,0
4215802,0
4215901,0
4216008,0
4216057,0
4216107,0
4216206,24
4216255,0
4216305,0
4216354,0
4216404,0
4216503,0
4216602,43
4216701,0
4216800,0
4216909,0
4217006,0
4217105,0
4217154,0
4217204,0
4217253,0
4217303,0
4217402,0
4217501,0
4217550,0
4217600,0
4217709,0
4217758,0
4217808,0
4217907,0
4217956,0
4218004,0
4218103,0
4218202,0
4218251,0
4218301,0
4218350,0
4218400,0
4218509,0
4218608,0
4218707,0
4218756,0
4218806,0
4218855,0
4218905,0
4218954,0
4219002,0
4219101,0
4219150,0
4219176,0
4219200,0
4219309,0
4219358,0
4219408,0
4219507,0
4219606,0
4219705,0
4219853,0
4220000,0
4300034,76
4300059,0
4300109,0
4300208,0
4300307,0
4300406,282
4300455,0
4300471,0
4300505,0
4300554,0
4300570,0
4300604,54
4300638,3
4300646,0
4300661,0
4300703,0
4300802,0
4300851,0
4300877,0
4300901,0
4301008,46
4301057,0
4301073,69
4301107,0
4301206,76
4301305,0
4301404,0
4301503,0
4301552,0
4301602,214
4301636,0
4301651,0
4301701,0
4301750,0
4301800,0
4301859,0
4301875,0
4301909,0
4301925,0
4301958,0
4302006,0
4302055,0
4302105,0
4302154,0
4302204,0
4302220,0
4302238,0
4302253,0
4302303,0
4302352,0
4302378,0
4302402,0
4302451,0
4302501,0
4302584,0
4302600,0
4302659,0
4302709,0
4302808,262
4302907,0
4303004,217
4303103,0
4303202,0
4303301,0
4303400,0
4303509,0
4303558,0
4303608,0
4303673,0
4303707,0
4303806,0
4303905,0
4304002,0
4304101,0
4304200,0
4304309,0
4304358,220
4304408,0
4304507,1179
4304606,104
4304614,0
4304622,0
4304630,0
4304655,0
4304663,0
4304671,142
4304689,0
4304697,0
4304705,39
4304713,0
4304804,0
4304853,0
4304903,0
4304952,0
4305009,13
4305108,1
4305116,0
4305124,80
4305132,0
4305157,0
4305173,104
4305207,0
4305306,0
4305355,0
4305371,0
4305405,0
4305439,0
4305447,0
4305454,0
4305504,0
4305587,0
4305603,477
4305702,0
4305801,0
4305835,0
4305850,0
4305871,0
4305900,0
4305934,0
4305959,0
4305975,5
4306007,0
4306056,161
4306072,0
4306106,1
4306130,0
4306205,0
4306304,0
4306320,0
4306353,0
4306379,0
4306403,0
4306429,0
4306452,0
4306502,0
4306551,0
4306601,0
4306700,267
4306734,0
4306759,0
4306767,0
4306809,0
4306908,80
4306924,0
4306932,0
4306957,0
4306973,0
4307005,0
4307054,0
4307104,12
4307203,0
4307302,0
4307401,0
4307450,0
4307500,13
4307559,0
4307609,0
4307708,0
4307807,0
4307815,3
4307831,0
4307864,0
4307906,0
4308003,0
4308052,0
4308078,34
4308102,0
4308201,0
4308250,0
4308300,0
4308409,1318
4308433,0
4308458,31
4308508,0
4308607,0
4308656,0
4308706,0
4308805,46
4308854,0
4308904,0
4309001,25
4309050,0
4309100,0
4309126,0
4309159,0
4309209,166
4309258,0
4309308,0
4309407,0
4309506,0
4309555,0
4309571,0
4309605,0
4309654,0
4309704,0
4309753,0
4309803,0
4309902,0
4309951,0
4310009,0
4310108,0
4310207,0
4310306,0
4310330,0
4310363,0
4310405,0
4310413,0
4310439,0
4310462,0
4310504,0
4310538,0
4310553,0
4310579,0
4310603,0
4310652,0
4310702,0
4310751,0
4310801,0
4310850,0
4310876,58
4310900,0
4311007,15
4311106,0
4311122,0
4311130,0
4311155,0
4311205,0
4311239,0
4311254,138
4311270,0
4311304,0
4311403,92
4311429,0
4311502,22
4311601,0
4311627,0
4311643,0
4311700,0
4311718,0
4311734,27
4311759,0
4311775,336
4311791,0
4311809,0
4311908,0
4311981,0
4312005,0
4312054,0
4312104,0
4312138,0
4312153,0
4312179,0
4312203,0
4312252,0
4312302,0
4312351,0
4312377,0
4312385,0
4312401,0
4312427,0
4312443,0
4312450,209
4312476,0
4312500,654
4312609,0
4312617,263
4312625,0
4312658,11
4312674,0
4312708,0
4312757,0
4312807,0
4312906,0
4312955,0
4313003,0
4313011,0
4313037,0
4313060,0
4313086,0
4313102,127
4313201,0
4313300,0
4313334,0
4313359,0
4313375,0
4313391,0
4313409,121
4313425,0
4313441,0
4313466,0
4313490,0
4313508,698
4313607,0
4313656,272
4313706,0
4313805,0
4313904,0
4313953,23
4314001,0
4314027,0
4314035,0
4314050,2
4314068,0
4314076,0
4314100,36
4314134,0
4314159,0
4314175,147
4314209,0
4314308,0
4314407,965
4314423,0
4314456,0
4314464,0
4314472,0
4314498,0
4314506,105
4314548,0
4314555,0
4314605,400
4314704,0
4314753,0
4314779,0
4314787,0
4314803,295
4314902,2293
4315008,0
4315057,0
4315073,0
4315107,0
4315131,0
4315149,0
4315156,0
4315172,0
4315206,0
4315305,0
4315313,0
4315321,0
4315354,0
4315404,0
4315453,0
4315503,756
4315552,0
4315602,633
4315701,214
4315750,0
4315800,0
4315909,39
4315958,0
4316006,0
4316105,0
4316204,0
4316303,0
4316402,47
4316428,0
4316436,0
4316451,307
4316477,0
4316501,2
4316600,0
4316709,0
4316733,0
4316758,0
4316808,0
4316907,42
4316956,0
4316972,0
4317004,163
4317103,114
4317202,0
4317251,0
4317301,0
4317400,0
4317509,0
4317558,0
4317608,0
4317707,0
4317756,0
4317806,0
4317905,0
4317954,0
4318002,0
4318051,0
4318101,0
4318200,0
4318309,109
4318408,0
4318424,0
4318432,17
4318440,0
4318457,0
4318465,0
4318481,0
4318499,0
4318507,58
4318606,0
4318614,0
4318622,0
4318705,0
4318804,568
4318903,0
4319000,0
4319109,0
4319125,0
4319158,0
4319208,0
4319307,0
4319356,0
4319364,0
4319372,0
4319406,0
4319505,3
4319604,93
4319703,0
4319711,0
4319737,0
4319752,0
4319802,0
4319901,0
4320008,0
4320107,96
4320206,0
4320230,0
4320263,0
4320305,0
4320321,0
4320354,0
4320404,0
4320453,0
4320503,205
4320552,0
4320578,0
4320602,0
4320651,1
4320677,0
4320701,0
4320800,0
4320859,0
4320909,0
4321006,0
4321105,51
4321204,135
4321303,0
4321329,0
4321352,218
4321402,0
4321436,46
4321451,0
4321469,0
4321477,0
4321493,0
4321501,0
4321600,0
4321626,0
4321634,0
4321667,0
4321709,0
4321808,0
4321832,68
4321857,0
4321907,0
4321956,0
4322004,26
4322103,0
4322152,8
4322186,0
4322202,0
4322251,0
4322301,0
4322327,65
4322343,0
4322350,0
4322376,0
4322400,20
4322509,0
4322525,35
4322533,0
4322541,0
4322558,0
4322608,0
4322707,0
4322806,0
4322855,0
4322905,0
4323002,144
4323101,0
4323200,0
4323309,0
4323358,0
4323408,0
4323457,140
4323507,0
4323606,0
4323705,0
4323754,0
4323770,0
4323804,0
5000203,0
5000252,0
5000609,0
5000708,3
5000807,0
5000856,0
5000906,0
5001003,0
5001102,38
5001243,0
5001508,4
5001904,0
5002001,0
5002100,0
5002159,0
5002209,75
5002308,0
5002407,0
5002605,0
5002704,735
5002803,0
5002902,0
5002951,0
5003108,139
5003157,0
5003207,371
5003256,0
5003306,0
5003454,0
5003488,0
5003504,0
5003702,29
5003751,0
5003801,0
5003900,47
5004007,0
5004106,0
5004304,0
5004403,0
5004502,40
5004601,0
5004700,0
5004809,0
5004908,285
5005004,0
5005103,0
5005152,0
5005202,50
5005251,0
5005400,125
5005608,0
5005681,4
5005707,0
5005806,253
5006002,0
5006200,0
5006259,0
5006275,0
5006309,0
5006358,0
5006408,64
5006606,0
5006903,0
5007109,0
5007208,227
5007307,27
5007406,0
5007505,0
5007554,0
5007695,0
5007703,0
5007802,0
5007901,0
5007935,2
5007950,0
5007976,0
5008008,50
5008305,4
5008404,0
5100102,15
5100201,7
5100250,0
5100300,0
5100359,0
5100409,0
5100508,0
5100607,0
5100805,0
5101001,0
5101209,0
5101258,0
5101308,0
5101407,0
5101605,0
5101704,208
5101803,0
5101852,0
5101902,0
5102504,783
5102603,0
5102637,0
5102678,0
5102686,0
5102694,0
5102702,0
5102793,0
5102850,0
5103007,784
5103056,0
5103106,0
5103205,0
5103254,0
5103304,0
5103353,0
5103361,0
5103379,0
5103403,432
5103437,0
5103452,0
5103502,0
5103601,0
5103700,0
5103809,0
5103858,0
5103908,0
5103957,0
5104104,0
5104203,0
5104500,0
5104526,0
5104542,0
5104559,0
5104609,0
5104807,0
5104906,0
5105002,0
5105101,0
5105150,0
5105176,0
5105200,4
5105234,0
5105259,0
5105309,0
5105507,2589
5105580,0
5105606,0
5105622,0
5105903,0
5106000,0
5106109,945
5106158,0
5106174,0
5106182,0
5106190,0
5106208,0
5106216,0
5106224,0
5106232,0
5106240,0
5106257,0
5106265,0
5106273,0
5106281,0
5106299,0
5106307,0
5106315,89
5106372,0
5106422,0
5106455,0
5106505,3445
5106653,0
5106703,0
5106752,20
5106778,3
5106802,0
5106828,0
5106851,328
5107008,0
5107040,0
5107065,0
5107107,0
5107156,0
5107180,0
5107198,0
5107206,0
5107248,0
5107263,0
5107297,0
5107305,0
5107354,0
5107404,0
5107578,0
5107602,0
5107701,0
5107743,0
5107750,0
5107768,0
5107776,0
5107792,0
5107800,235
5107859,0
5107875,0
5107883,0
5107909,0
5107925,0
5107941,0
5107958,0
5108006,0
5108055,0
5108105,0
5108204,0
5108303,0
5108352,0
5108402,1842
5108501,0
5108600,0
5108808,0
5108857,0
5108907,0
5108956,0
5200050,132
5200100,0
5200134,0
5200159,0
5200175,0
5200209,0
5200258,34
5200308,0
5200506,0
5200555,2
5200605,465
5200803,18
5200829,0
5200852,0
5200902,0
5201108,60
5201207,0
5201306,7
5201405,774
5201454,0
5201504,0
5201603,0
5201702,0
5201801,0
5202155,0
5202353,0
5202502,0
5202601,0
5202809,0
5203104,0
5203203,1338
5203302,0
5203401,0
5203500,0
5203559,0
5203575,0
5203609,0
5203807,0
5203906,0
5203939,0
5203962,0
5204003,0
5204102,0
5204201,0
5204250,163
5204300,0
5204409,152
5204508,0
5204557,0
5204607,0
5204656,0
5204706,0
5204805,0
5204854,0
5204904,90
5204953,1
5205000,0
5205059,0
5205109,0
5205208,0
5205307,5470
5205406,0
5205455,0
5205471,0
5205497,1313
5205513,0
5205521,447
5205703,0
5205802,76
5205901,0
5206206,14
5206305,0
5206404,0
5206503,372
5206602,0
5206701,0
5206800,0
5206909,0
5207105,0
5207253,0
5207352,0
5207402,7
5207501,0
5207535,66
5207600,0
5207808,0
5207907,2476
5208004,102
5208103,0
5208152,0
5208301,619
5208400,0
5208509,0
5208608,139
5208707,158
5208806,0
5208905,773
5209101,0
5209150,0
5209200,3
5209291,0
5209408,0
5209457,0
5209606,0
5209705,0
5209804,0
5209903,234
5209937,0
5209952,0
5210000,0
5210109,0
5210158,0
5210208,63
5210307,0
5210406,0
5210562,0
5210604,0
5210802,0
5210901,0
5211008,0
5211206,0
5211305,0
5211404,0
5211503,229
5211602,0
5211701,0
5211800,0
5211909,0
5212006,0
5212055,0
5212105,0
5212204,0
5212253,0
5212303,0
5212501,32
5212600,6
5212709,0
5212808,0
5212907,0
5212956,102
5213004,32
5213053,84
5213087,1688
5213103,1210
5213400,0
5213509,1458
5213707,0
5213756,0
5213772,0
5213806,0
5213855,0
5213905,0
5214002,0
5214051,0
5214101,0
5214408,0
5214507,0
5214606,1946
5214705,0
5214804,0
5214838,0
5214861,0
5214879,0
5214903,99
5215009,0
5215207,0
5215231,0
5215256,0
5215306,0
5215405,0
5215504,0
5215603,205
5215652,0
5215702,173
5215801,0
5215900,0
5216007,0
5216304,0
5216403,0
5216452,0
5216809,0
5216908,454
5217104,569
5217203,0
5217302,53
5217401,0
5217609,1
5217708,0
5218003,0
5218052,0
5218102,125
5218300,232
5218391,1215
5218508,0
5218607,0
5218706,0
5218789,0
5218805,0
5218904,0
5219001,0
5219100,0
5219209,279
5219258,0
5219308,0
5219357,6
5219407,0
5219456,513
5219506,0
5219605,0
5219704,3
5219712,0
5219738,0
5219753,0
5219803,0
5219902,0
5220009,133
5220058,0
5220108,0
5220157,147
5220207,0
5220264,0
5220280,0
5220405,0
5220454,0
5220504,0
5220603,209
5220686,146
5220702,0
5221007,0
5221080,1147
5221197,0
5221304,0
5221403,319
5221452,0
5221502,0
5221551,0
5221577,0
5221601,1306
5221700,0
5221809,0
5221858,107
5221908,0
5222005,141
5222054,0
5222203,437
5222302,17
5300108,305
